,datetime,proportion_timeout,proportion_unreachable,city,geo_subdivision1,ioda_id,country,city_count
0,2024-07-29 23:00:00+00:00,0.03207762802635063,0.5618857570345445,"Somerville, San Luis Obispo, Elk Grove Village, Vancouver, Lakewood, Williamsburg, Winter Garden, Fargo, Murfreesboro, Norfolk, San Diego, Birmingham, Salt Lake City, Boca Raton, Albany, Alameda, Wilmington, Oklahoma City, Gilbert, Boise, Palo Alto, Baltimore, McKinney, San Bernardino, Brooklyn, Newton, New Haven, Clearwater, Fort Worth, Lehi, Scottsdale, Manchester, Marietta, Lubbock, Charlottesville, Salinas, Melbourne, Manassas, Spokane, Tucson, Federal Way, Wake Forest, Lawrenceville, Sanford, Concord, Albuquerque, Mountain View, Santa Fe, Sioux Falls, Chandler, Naperville, San Antonio, Aurora, Clifton, Charleston, Newport News, Conroe, Herndon, San Francisco, Gresham, Ocala, Alexandria, Garden Grove, Hillsboro, Silver Spring, St. George, Edison, Winston-Salem, Thousand Oaks, Lansing, Riverside, Puyallup, Irving, Billings, Jacksonville, Chicago, Little Rock, St Louis, Memphis, Plano, Carrollton, Myrtle Beach, Olathe, Chattanooga, Fayetteville, Cambridge, Tulsa, Ann Arbor, Cypress, Roanoke, St. Petersburg, Troy, Lake Worth, Nashville, Staten Island, Peoria, Stockton, Hayward, Irvington, Chesapeake, Nampa, Davis, Durham, Elk Grove, Tempe, Fontana, North Bergen, Providence, Salem, Ypsilanti, Garland, Piscataway, Columbus, Olympia, Fredericksburg, Oceanside, Katy, Torrance, Escondido, Charlotte, Tampa, Orange, Santa Ana, Knoxville, Pleasanton, Sacramento, Medford, Pasadena, Jersey City, Rialto, Rio Rancho, Bradenton, Redwood City, Savannah, Fresno, Huntington Beach, Beaverton, Ontario, Wichita, Lexington, Eureka, Simi Valley, Malden, Kirkland, Allen, Annapolis, Bend, Clarksville, Hialeah, Syracuse, Longmont, The Bronx, West Palm Beach, Lowell, Cincinnati, League City, Greenville, Des Moines, Walnut Creek, Champaign, Houston, San Leandro, Santa Rosa, Corona, Fort Collins, Secaucus, Fort Myers, Pearland, New York, Rancho Cucamonga, Springfield, Gainesville, Overland Park, Modesto, Woodland Hills, Woodstock, Philadelphia, Laurel, Reston, Lakeland, New Port Richey, Arlington Heights, Meridian, Lawrence, Austin, Mesa, Detroit, Huntsville, Missoula, Sunnyvale, Alpharetta, Parker, Los Angeles, Indianapolis, Roseville, Denton, Baton Rouge, Whittier, Murrieta, Queens, Carlsbad, San Jose, Arvada, Chula Vista, San Marcos, San Rafael, Fremont, Anaheim, Naples, Kissimmee, Bridgeport, Milwaukee, Littleton, Trenton, Louisville, South Jordan, Idaho Falls, Frederick, Asheville, Spring, El Cajon, Cedar Rapids, Ithaca, North Hollywood, Lafayette, Boulder, Everett, Bakersfield, Irvine, Honolulu, Fairfax, Pittsburgh, Morgantown, Richardson, Corpus Christi, Greenwood, Omaha, Edmond, Las Vegas, Lynnwood, Athens, Grand Rapids, Boston, Brookline, Toledo, Fort Lauderdale, Eugene, Dayton, Seattle, Tallahassee, New Orleans, Erie, Washington, Schenectady, Ballwin, Spring Hill, unknown, Laredo, Saint Paul, Mobile, Renton, Anchorage, Virginia Beach, Columbia, Riverview, Appleton, Madison, Ames, Bellevue, Phoenix, Santa Cruz, Chico, Santa Barbara, State College, Dallas, Decatur, Kansas City, San Mateo, Glendale, Ogden, Colorado Springs, Cleveland, Gaithersburg, Hollywood, Kalamazoo, Reno, Round Rock, Redmond, Frisco, Cape Coral, Sarasota, Milpitas, Worcester, Long Beach, Franklin, Bellingham, Rochester, Fort Wayne, Tyler, Thornton, El Paso, Oakland, Fullerton, Port Saint Lucie, Denver, Waco, Tacoma, Summerville, Henderson, Lewisville, Richmond, Folsom, Centreville, Bloomington, Newark, Bethlehem, Orlando, Lincoln, Pensacola, Temecula, Reading, Portland, West Valley City, Raleigh, Burbank, Chapel Hill, Bothell, Buffalo, Corvallis, Miami, Berkeley, Coeur d'Alene, Augusta, Fairfield, Sugar Land, Provo, Georgetown, Arlington, Akron, Canton, Lancaster, Cary, Minneapolis, Van Nuys, Atlanta, Santa Clara, Bozeman, Amarillo, Rockford, York, Pompano Beach, Rockville, Norman, College Station, Stamford, Kent, Apex, Grand Prairie, Hyattsville, Oxnard, Santa Monica, Greensboro, Ashburn","WI, DE, MD, CT, AR, NM, PA, CO, CA, NJ, VA, MS, HI, AK, KY, None, WY, ME, AZ, IL, NV, SD, TX, MT, OR, WA, AL, GA, NY, KS, OH, ND, IN, WV, FL, VT, MA, MN, MO, DC, ID, LA, RI, SC, UT, NC, NH, NE, OK, MI, IA, TN","4408.0, 4409.0, 4410.0, 4411.0, 4412.0, 4413.0, 4414.0, 4415.0, 4416.0, 4417.0, 4418.0, 4419.0, 4420.0, 4421.0, 4422.0, 4423.0, 4424.0, 4425.0, 4426.0, 4427.0, 4428.0, 4429.0, 4430.0, 4431.0, 4432.0, 4433.0, 4434.0, 4435.0, 4436.0, 4437.0, 4438.0, 4439.0, 4440.0, 4441.0, 4442.0, 4443.0, 4444.0, 4446.0, 4447.0, 4448.0, 4449.0, 4450.0, 4451.0, 4452.0, 4453.0, 4454.0, 4455.0, 4456.0, 4457.0, 4458.0",US,363
1,2024-07-30 00:00:00+00:00,0.007822822249444843,0.14259320947082074,"Somerville, Elk Grove Village, Vancouver, Lakewood, Fargo, Murfreesboro, Norfolk, San Diego, Birmingham, Salt Lake City, Boca Raton, Albany, Alameda, McKinney, Wilmington, Gilbert, Boise, Palo Alto, Baltimore, Oklahoma City, San Bernardino, Brooklyn, Newton, New Haven, Fort Worth, Scottsdale, Manchester, Marietta, Lubbock, Charlottesville, Salinas, Melbourne, Manassas, Spokane, Tucson, Federal Way, Wake Forest, Lawrenceville, Concord, Albuquerque, Mountain View, Cheyenne, Santa Fe, Sioux Falls, Chandler, Naperville, San Antonio, Aurora, Clifton, Charleston, Newport News, Conroe, Herndon, San Francisco, Gresham, Ocala, Alexandria, Hillsboro, Silver Spring, Edison, Royal Oak, Winston-Salem, Flagstaff, Grand Junction, Thousand Oaks, Lansing, Riverside, Puyallup, Irving, Jacksonville, Las Cruces, Chicago, Little Rock, St Louis, Memphis, Plano, Myrtle Beach, Olathe, Chattanooga, Fayetteville, Cambridge, Tulsa, Burlington, Ann Arbor, Cypress, Carmel, Roanoke, St. Petersburg, Troy, Nashville, Staten Island, Peoria, Stockton, Hayward, Irvington, Chesapeake, Nampa, Durham, Elk Grove, Tempe, Fontana, North Bergen, Providence, Traverse City, Salem, Ypsilanti, Garland, Piscataway, Columbus, Olympia, Fredericksburg, Oceanside, Katy, Torrance, Escondido, Charlotte, Tampa, Orange, Santa Ana, Knoxville, Sacramento, Medford, Pasadena, Jersey City, Rio Rancho, Bradenton, Redwood City, Savannah, Fresno, Huntington Beach, Beaverton, Ontario, Wichita, Lexington, Eureka, Simi Valley, Winter Park, Kirkland, Allen, Bend, Clarksville, Hialeah, Syracuse, Longmont, The Bronx, West Palm Beach, Lowell, Cincinnati, Palmdale, League City, Greenville, Des Moines, Walnut Creek, Champaign, Houston, San Leandro, Santa Rosa, Corona, Fort Collins, Secaucus, Fort Myers, Broomfield, New York, Rancho Cucamonga, Springfield, Gainesville, Overland Park, Modesto, Woodland Hills, Woodstock, Philadelphia, Laurel, Reston, Lakeland, Arlington Heights, Meridian, Lawrence, Topeka, Austin, Mesa, Detroit, Huntsville, Missoula, Sunnyvale, Alpharetta, Parker, Waltham, Los Angeles, Indianapolis, Roseville, Denton, Baton Rouge, Whittier, Queens, Carlsbad, San Jose, Chula Vista, San Rafael, Fremont, Anaheim, Naples, Kissimmee, Bridgeport, Milwaukee, Montgomery, Littleton, Trenton, Louisville, South Jordan, Frederick, Asheville, Spring, El Cajon, Cedar Rapids, Ithaca, North Hollywood, Boulder, Everett, Bakersfield, Irvine, Honolulu, Fairfax, Pittsburgh, Richardson, Corpus Christi, Omaha, Edmond, Las Vegas, Lynnwood, Athens, Grand Rapids, Boston, Toledo, Fort Lauderdale, Eugene, Pflugerville, Dayton, Seattle, Tallahassee, New Orleans, Washington, Schenectady, Spring Hill, unknown, Saint Paul, Renton, Anchorage, Virginia Beach, Columbia, Riverview, Appleton, Madison, Bellevue, Phoenix, Santa Cruz, Chico, Santa Barbara, State College, Dallas, Decatur, Kansas City, San Mateo, Glendale, Ogden, Colorado Springs, Cleveland, Gaithersburg, Hollywood, Reno, Round Rock, Duluth, Redmond, Frisco, Cape Coral, Sarasota, Milpitas, Worcester, Long Beach, Bellingham, Rochester, Fort Wayne, El Paso, Oakland, Fullerton, Port Saint Lucie, Denver, Tacoma, Summerville, Henderson, Richmond, Folsom, Centreville, Bloomington, Newark, Orlando, Lincoln, Yonkers, Pensacola, Temecula, Roswell, Reading, Portland, Raleigh, Burbank, Chapel Hill, Bothell, Buffalo, Corvallis, Miami, Berkeley, Ventura, Sugar Land, Provo, Georgetown, Arlington, Akron, Lancaster, Cary, Minneapolis, Van Nuys, Redding, Atlanta, Santa Clara, Bozeman, Amarillo, Rockford, Green Bay, Pompano Beach, Rockville, Norman, College Station, Stamford, Kent, Apex, Grand Prairie, Hyattsville, Oxnard, Santa Monica, Greensboro, Ashburn","WI, DE, MD, CT, AR, NM, PA, CO, CA, NJ, VA, MS, HI, AK, KY, None, WY, ME, AZ, IL, NV, SD, TX, MT, OR, WA, AL, GA, NY, KS, OH, ND, IN, WV, FL, VT, MA, MN, MO, DC, ID, LA, RI, SC, UT, NC, NH, NE, OK, MI, IA, TN","4408.0, 4409.0, 4410.0, 4411.0, 4412.0, 4413.0, 4414.0, 4415.0, 4416.0, 4417.0, 4418.0, 4419.0, 4420.0, 4421.0, 4422.0, 4423.0, 4424.0, 4425.0, 4426.0, 4427.0, 4428.0, 4429.0, 4430.0, 4431.0, 4432.0, 4433.0, 4434.0, 4435.0, 4436.0, 4437.0, 4438.0, 4439.0, 4440.0, 4441.0, 4442.0, 4443.0, 4444.0, 4446.0, 4447.0, 4448.0, 4449.0, 4450.0, 4451.0, 4452.0, 4453.0, 4454.0, 4455.0, 4456.0, 4457.0, 4458.0",US,340
2,2024-07-30 01:00:00+00:00,0.010914368618614464,0.18315277372345648,"Somerville, Elk Grove Village, Vancouver, Lakewood, Fargo, Murfreesboro, Norfolk, San Diego, Birmingham, Salt Lake City, Boca Raton, Albany, Alameda, McKinney, Wilmington, Gilbert, Boise, Palo Alto, Baltimore, Oklahoma City, San Bernardino, Brooklyn, Newton, New Haven, Clearwater, Fort Worth, Scottsdale, Manchester, Marietta, Lubbock, Charlottesville, Salinas, Melbourne, Manassas, Spokane, Tucson, Federal Way, Lawrenceville, Concord, Albuquerque, Mountain View, Santa Fe, Sioux Falls, Lakeville, Chandler, Naperville, San Antonio, Aurora, Clifton, Conroe, Herndon, San Francisco, Ocala, Alexandria, Hillsboro, Silver Spring, Edison, Winston-Salem, Thousand Oaks, Lansing, Riverside, Puyallup, Irving, Billings, Jacksonville, Chicago, Little Rock, Carrollton, St Louis, Memphis, Plano, Olathe, Chattanooga, Fayetteville, Cambridge, Lake Forest, Tulsa, Ann Arbor, Cypress, Carmel, Roanoke, St. Petersburg, Troy, Nashville, Staten Island, Peoria, Stockton, Hayward, Irvington, Chesapeake, Nampa, Durham, Elk Grove, Tempe, Fontana, Bethesda, North Bergen, Providence, Salem, Ypsilanti, Garland, Piscataway, Columbus, Olympia, Fredericksburg, Oceanside, Katy, Torrance, Escondido, Charlotte, Tampa, Santa Ana, Knoxville, Pleasanton, Sacramento, Medford, Pasadena, Jersey City, Rialto, Rio Rancho, Bradenton, Redwood City, Savannah, Fresno, Huntington Beach, Beaverton, Humble, Wichita, Lexington, Eureka, Simi Valley, Winter Park, Kirkland, Allen, Bend, Clarksville, Hialeah, Syracuse, Longmont, The Bronx, West Palm Beach, Lowell, Cincinnati, League City, Greenville, Des Moines, Walnut Creek, Champaign, Vallejo, Houston, San Leandro, Daly City, Santa Rosa, Corona, Eau Claire, Fort Collins, Secaucus, Fort Myers, Broomfield, New York, Rancho Cucamonga, Springfield, Gainesville, Overland Park, Modesto, Woodland Hills, Philadelphia, Iowa City, Laurel, Reston, Lakeland, Meridian, Lawrence, Topeka, Austin, Mesa, Detroit, Huntsville, Missoula, Sunnyvale, Alpharetta, Parker, Waltham, Los Angeles, Indianapolis, Roseville, Denton, Baton Rouge, Whittier, Queens, Carlsbad, San Jose, Arvada, Chula Vista, San Marcos, San Rafael, Fremont, Anaheim, Naples, Kissimmee, Harrisburg, Bridgeport, Milwaukee, Montgomery, Littleton, Trenton, Louisville, South Jordan, Frederick, Asheville, Spring, El Cajon, Ithaca, North Hollywood, Boulder, Everett, Bakersfield, Irvine, Honolulu, Fairfax, Pittsburgh, Richardson, Corpus Christi, Omaha, Edmond, Las Vegas, Lynnwood, Athens, Grand Rapids, Boston, Brookline, Toledo, Fort Lauderdale, Eugene, Pflugerville, Dayton, Seattle, Tallahassee, Cedar Park, New Orleans, Washington, Schenectady, Ballwin, unknown, Saint Paul, Renton, Anchorage, Virginia Beach, Columbia, Appleton, Madison, Bellevue, Phoenix, Santa Cruz, Santa Barbara, Dallas, Decatur, Kansas City, San Mateo, Glendale, Ogden, Colorado Springs, Cleveland, Gaithersburg, Hollywood, Kalamazoo, Reno, Round Rock, Redmond, Frisco, Cape Coral, Sarasota, Worcester, Long Beach, Franklin, Bellingham, Rochester, Fort Wayne, El Paso, Oakland, Fullerton, Port Saint Lucie, Denver, Tacoma, Summerville, Henderson, Lewisville, Richmond, Centreville, Bloomington, Newark, Orlando, Lincoln, Pensacola, Temecula, Moreno Valley, Portland, Raleigh, Burbank, Chapel Hill, Bothell, Buffalo, Corvallis, Miami, Berkeley, Coeur d'Alene, Ventura, Sugar Land, Georgetown, Arlington, Akron, Canton, Lancaster, Cary, Minneapolis, Van Nuys, Atlanta, Santa Clara, Bozeman, Amarillo, Rockford, Pompano Beach, Rockville, Norman, College Station, Stamford, Kent, Apex, Hyattsville, Oxnard, Santa Monica, Greensboro, Ashburn","WI, DE, MD, CT, AR, NM, PA, CO, CA, NJ, VA, MS, HI, AK, KY, None, WY, ME, AZ, IL, NV, SD, TX, MT, OR, WA, AL, GA, NY, KS, OH, ND, IN, WV, FL, VT, MA, MN, MO, DC, ID, LA, RI, SC, UT, NC, NH, NE, OK, MI, IA, TN","4408.0, 4409.0, 4410.0, 4411.0, 4412.0, 4413.0, 4414.0, 4415.0, 4416.0, 4417.0, 4418.0, 4419.0, 4420.0, 4421.0, 4422.0, 4423.0, 4424.0, 4425.0, 4426.0, 4427.0, 4428.0, 4429.0, 4430.0, 4431.0, 4432.0, 4433.0, 4434.0, 4435.0, 4436.0, 4437.0, 4438.0, 4439.0, 4440.0, 4441.0, 4442.0, 4443.0, 4444.0, 4446.0, 4447.0, 4448.0, 4449.0, 4450.0, 4451.0, 4452.0, 4453.0, 4454.0, 4455.0, 4456.0, 4457.0, 4458.0",US,333
3,2024-07-30 02:00:00+00:00,0.012091723592948724,0.19558520783216335,"Colorado Springs, Somerville, Cleveland, Austin, Vancouver, Lakewood, Fontana, North Bergen, Providence, Gaithersburg, Hollywood, Fargo, Reno, Mesa, Salem, Norfolk, Detroit, Round Rock, Redmond, Frisco, San Diego, Garland, Piscataway, Birmingham, Huntsville, Columbus, McKinney, Missoula, Salt Lake City, Boca Raton, Sarasota, Worcester, Fredericksburg, Long Beach, Sunnyvale, Alpharetta, Albany, Parker, Olympia, Oceanside, Katy, Torrance, Bellingham, Alameda, Rochester, Fort Wayne, Wilmington, Charlotte, Gilbert, Boise, Palo Alto, Los Angeles, Tampa, Baltimore, Indianapolis, Oklahoma City, Roseville, Denton, El Paso, Orange, Baton Rouge, Santa Ana, Oakland, San Bernardino, Brooklyn, Knoxville, Sacramento, Clearwater, Denver, Fort Worth, Queens, Carlsbad, San Jose, Pasadena, Arvada, Jersey City, Tacoma, Rio Rancho, Chula Vista, Henderson, San Rafael, Fremont, Scottsdale, Lubbock, Anaheim, Naples, Marietta, Charlottesville, Richmond, Melbourne, Redwood City, Kissimmee, Fresno, Spokane, Tucson, Federal Way, Lawrenceville, Huntington Beach, Beaverton, Milwaukee, Wichita, Lexington, Concord, Albuquerque, Littleton, Trenton, Mountain View, Simi Valley, Louisville, Newark, South Jordan, Cheyenne, Orlando, Lincoln, Frederick, Kirkland, Allen, Asheville, Spring, El Cajon, Sioux Falls, Bend, Pensacola, North Hollywood, Chandler, Ithaca, Naperville, Boulder, Temecula, Aurora, Clifton, San Antonio, Hialeah, Conroe, Portland, Everett, Bakersfield, Raleigh, Herndon, Syracuse, San Francisco, Irvine, Gresham, Honolulu, Bothell, Alexandria, Longmont, The Bronx, Hillsboro, West Palm Beach, Pittsburgh, Fairfax, Buffalo, Richardson, Corpus Christi, Cincinnati, Silver Spring, Corvallis, Miami, Berkeley, Omaha, League City, Edison, Greenville, Des Moines, Walnut Creek, Las Vegas, Lynnwood, Winston-Salem, Sugar Land, Grand Rapids, Boston, Champaign, Brookline, Georgetown, Toledo, Lansing, Akron, Arlington, Riverside, Puyallup, Fort Lauderdale, Eugene, Pflugerville, Dayton, Irving, Houston, Seattle, Lancaster, Cary, Jacksonville, Tallahassee, Minneapolis, San Leandro, Chicago, New Orleans, Little Rock, Van Nuys, Washington, Atlanta, St Louis, Memphis, Plano, Carrollton, Santa Clara, Olathe, Chattanooga, Rockford, Fayetteville, Santa Rosa, Corona, Cambridge, Tulsa, Pompano Beach, Rockville, unknown, Ann Arbor, Cypress, Roanoke, Saint Paul, College Station, Eau Claire, St. Petersburg, Fort Collins, Secaucus, Fort Myers, Nashville, Broomfield, Anchorage, Stamford, New York, Virginia Beach, Kent, Columbia, Staten Island, Peoria, Springfield, Gainesville, Overland Park, Appleton, Madison, Woodland Hills, Bellevue, Phoenix, Stockton, Santa Cruz, Santa Barbara, Philadelphia, Laurel, Dallas, Decatur, Kansas City, Reston, Hayward, San Mateo, Glendale, Nampa, Durham, Greensboro, Ashburn, Meridian, Elk Grove, Tempe, Ogden","WI, DE, MD, CT, AR, NM, PA, CO, CA, NJ, VA, MS, HI, AK, KY, None, WY, ME, AZ, IL, NV, SD, TX, MT, OR, WA, AL, GA, NY, KS, OH, ND, IN, WV, FL, VT, MA, MN, MO, DC, ID, LA, RI, SC, UT, NC, NH, NE, OK, MI, IA, TN","4408.0, 4409.0, 4410.0, 4411.0, 4412.0, 4413.0, 4414.0, 4415.0, 4416.0, 4417.0, 4418.0, 4419.0, 4420.0, 4421.0, 4422.0, 4423.0, 4424.0, 4425.0, 4426.0, 4427.0, 4428.0, 4429.0, 4430.0, 4431.0, 4432.0, 4433.0, 4434.0, 4435.0, 4436.0, 4437.0, 4438.0, 4439.0, 4440.0, 4441.0, 4442.0, 4443.0, 4444.0, 4446.0, 4447.0, 4448.0, 4449.0, 4450.0, 4451.0, 4452.0, 4453.0, 4454.0, 4455.0, 4456.0, 4457.0, 4458.0",US,264
4,2024-07-30 03:00:00+00:00,0.013594074022889577,0.20448694813279553,"Colorado Springs, Somerville, Cleveland, Austin, Vancouver, Lakewood, Fontana, North Bergen, Providence, Gaithersburg, Reno, Mesa, Salem, Detroit, Round Rock, Redmond, Frisco, San Diego, Garland, Birmingham, Huntsville, Columbus, McKinney, Missoula, Salt Lake City, Olympia, Sarasota, Milpitas, Long Beach, Sunnyvale, Alpharetta, Albany, Oceanside, Katy, Torrance, Escondido, Bellingham, Rochester, Fort Wayne, Wilmington, Charlotte, Gilbert, Boise, Palo Alto, Los Angeles, Tampa, Baltimore, Indianapolis, Oklahoma City, Roseville, Denton, El Paso, Baton Rouge, Santa Ana, Oakland, San Bernardino, Brooklyn, Knoxville, Sacramento, Medford, Denver, Fort Worth, Queens, Carlsbad, San Jose, Pasadena, Jersey City, Tacoma, Chula Vista, Henderson, San Rafael, Fremont, Scottsdale, Lubbock, Anaheim, Marietta, Richmond, Redwood City, Kissimmee, Fresno, Spokane, Tucson, Federal Way, Lawrenceville, Huntington Beach, Beaverton, Milwaukee, Ontario, Wichita, Lexington, Concord, Albuquerque, Littleton, Mountain View, Simi Valley, Louisville, South Jordan, Orlando, Lincoln, Kirkland, Allen, Spring, El Cajon, Santa Fe, Sioux Falls, Bend, Pensacola, North Hollywood, Chandler, Naperville, Boulder, Aurora, Clifton, San Antonio, Portland, Everett, Bakersfield, Raleigh, San Francisco, Irvine, Gresham, Honolulu, Bothell, Alexandria, Longmont, Garden Grove, The Bronx, Hillsboro, West Palm Beach, Pittsburgh, Buffalo, Richardson, Corpus Christi, Cincinnati, Silver Spring, League City, Miami, Berkeley, Omaha, Edmond, Ventura, Des Moines, Las Vegas, Lynnwood, Grand Rapids, Westminster, Boston, Georgetown, Toledo, Arlington, Akron, Riverside, Puyallup, Fort Lauderdale, Eugene, Dayton, Irving, Houston, Seattle, Cary, Jacksonville, Tallahassee, Minneapolis, San Leandro, Chicago, New Orleans, Little Rock, Van Nuys, Washington, Atlanta, St Louis, Memphis, Plano, Santa Clara, Bozeman, Santa Rosa, Cambridge, Tulsa, Rockville, unknown, Ann Arbor, Cypress, Saint Paul, College Station, St. Petersburg, Fort Collins, Mission Viejo, Nashville, Broomfield, Renton, Anchorage, Virginia Beach, New York, Kent, Columbia, Staten Island, Peoria, Springfield, Gainesville, Overland Park, Madison, Modesto, Bellevue, Phoenix, Stockton, Santa Cruz, Santa Barbara, Philadelphia, Dallas, Decatur, Kansas City, Reston, Hayward, San Mateo, Glendale, Nampa, Santa Monica, Durham, Ashburn, Meridian, Elk Grove, Tempe, Ogden","WI, DE, MD, CT, AR, NM, PA, CO, CA, NJ, VA, MS, HI, AK, KY, None, WY, ME, AZ, IL, NV, SD, TX, MT, OR, WA, AL, GA, NY, KS, OH, IN, WV, FL, VT, MA, MN, MO, DC, ID, LA, RI, SC, UT, NC, NH, NE, OK, MI, IA, TN","4408.0, 4409.0, 4410.0, 4412.0, 4413.0, 4414.0, 4415.0, 4416.0, 4417.0, 4418.0, 4419.0, 4420.0, 4421.0, 4422.0, 4423.0, 4424.0, 4425.0, 4426.0, 4427.0, 4428.0, 4429.0, 4430.0, 4431.0, 4432.0, 4433.0, 4434.0, 4435.0, 4436.0, 4437.0, 4438.0, 4439.0, 4440.0, 4441.0, 4442.0, 4443.0, 4444.0, 4446.0, 4447.0, 4448.0, 4449.0, 4450.0, 4451.0, 4452.0, 4453.0, 4454.0, 4455.0, 4456.0, 4457.0, 4458.0",US,223
5,2024-07-30 04:00:00+00:00,0.00957193299614469,0.13922556092124438,"Colorado Springs, Somerville, Cleveland, Austin, Vancouver, Lakewood, Fontana, North Bergen, Reno, Mesa, Salem, Detroit, Round Rock, Redmond, Frisco, San Diego, Birmingham, Columbus, Missoula, Salt Lake City, Olympia, Worcester, Long Beach, Sunnyvale, Katy, Torrance, Bellingham, Charlotte, Rochester, Wilmington, Oklahoma City, Gilbert, Boise, Palo Alto, Los Angeles, Tampa, Baltimore, Indianapolis, El Paso, Roseville, Santa Ana, Oakland, San Bernardino, Brooklyn, Knoxville, Pleasanton, Sacramento, Medford, Denver, Fort Worth, Queens, Carlsbad, San Jose, Pasadena, Jersey City, Tacoma, Chula Vista, Henderson, Fremont, Scottsdale, Anaheim, Redwood City, Folsom, Fresno, Spokane, Tucson, Federal Way, Huntington Beach, Beaverton, Milwaukee, Wichita, Lexington, Concord, Albuquerque, Mountain View, Louisville, Orlando, Lincoln, Kirkland, Spring, El Cajon, Chandler, Boulder, Aurora, San Antonio, Portland, Everett, Bakersfield, Raleigh, San Francisco, Irvine, Honolulu, Bothell, Alexandria, Longmont, Garden Grove, The Bronx, Hillsboro, Pittsburgh, Buffalo, Richardson, Cincinnati, Silver Spring, Corvallis, Miami, Berkeley, Omaha, Des Moines, Las Vegas, Lynnwood, Westminster, Boston, Arlington, Riverside, Eugene, Dayton, Houston, Seattle, Jacksonville, Tallahassee, Minneapolis, San Leandro, Chicago, New Orleans, Van Nuys, Washington, Atlanta, St Louis, Memphis, Plano, Santa Clara, Fayetteville, Santa Rosa, Corona, Tulsa, unknown, Saint Paul, Fort Collins, Nashville, Renton, Anchorage, Virginia Beach, New York, Kent, Staten Island, Madison, Bellevue, Phoenix, Stockton, Santa Cruz, Santa Barbara, Philadelphia, Dallas, Kansas City, Reston, Hayward, San Mateo, Glendale, Durham, Ashburn, Elk Grove, Tempe","WI, DE, MD, CT, AR, NM, PA, CO, CA, NJ, VA, MS, HI, AK, KY, None, ME, AZ, IL, NV, SD, TX, MT, OR, WA, AL, GA, NY, KS, OH, IN, WV, FL, VT, MA, MN, MO, DC, ID, LA, UT, SC, NC, NH, NE, OK, MI, IA, TN","4408.0, 4409.0, 4410.0, 4412.0, 4413.0, 4414.0, 4415.0, 4416.0, 4417.0, 4418.0, 4419.0, 4420.0, 4421.0, 4423.0, 4424.0, 4425.0, 4426.0, 4427.0, 4428.0, 4429.0, 4430.0, 4431.0, 4432.0, 4433.0, 4435.0, 4436.0, 4437.0, 4438.0, 4439.0, 4440.0, 4441.0, 4442.0, 4443.0, 4444.0, 4446.0, 4447.0, 4448.0, 4449.0, 4450.0, 4451.0, 4452.0, 4453.0, 4454.0, 4455.0, 4456.0, 4457.0, 4458.0",US,162
6,2024-07-30 05:00:00+00:00,0.012228135964292394,0.1347605529058112,"Colorado Springs, Somerville, Cleveland, Austin, Vancouver, North Bergen, Reno, Mesa, Detroit, Redmond, San Diego, Columbus, Salt Lake City, Olympia, Long Beach, Sunnyvale, Bellingham, Torrance, Charlotte, Rochester, Wilmington, Oklahoma City, Gilbert, Boise, Palo Alto, Los Angeles, Tampa, Baltimore, Indianapolis, El Paso, Roseville, Santa Ana, Oakland, Brooklyn, Knoxville, Sacramento, Denver, Fort Worth, Queens, San Jose, Pasadena, Jersey City, Tacoma, Chula Vista, Henderson, Fremont, Scottsdale, Anaheim, Marietta, Richmond, Redwood City, Fresno, Spokane, Tucson, Federal Way, Huntington Beach, Beaverton, Milwaukee, Wichita, Lexington, Concord, Albuquerque, Louisville, Orlando, Kirkland, Spring, Chandler, Boulder, Aurora, Clifton, San Antonio, Portland, Everett, Bakersfield, Raleigh, San Francisco, Irvine, Honolulu, Bothell, Alexandria, The Bronx, Hillsboro, Pittsburgh, Buffalo, Richardson, Cincinnati, Silver Spring, Miami, Berkeley, Omaha, Las Vegas, Grand Rapids, Boston, Toledo, Arlington, Riverside, Fort Lauderdale, Eugene, Houston, Seattle, Jacksonville, Minneapolis, Chicago, New Orleans, Washington, Atlanta, St Louis, Plano, Santa Clara, Santa Rosa, Tulsa, unknown, Saint Paul, Fort Collins, Secaucus, Nashville, Anchorage, Virginia Beach, New York, Kent, Staten Island, Madison, Bellevue, Phoenix, Stockton, Santa Cruz, Philadelphia, Dallas, Kansas City, Reston, Hayward, San Mateo, Glendale, Durham, Ashburn, Cupertino, Elk Grove, Tempe","WI, DE, MD, CT, AR, NM, PA, CO, CA, NJ, VA, MS, HI, AK, KY, None, ME, AZ, IL, NV, TX, OR, WA, AL, GA, NY, KS, OH, IN, WV, FL, VT, MA, MN, MO, DC, ID, LA, UT, SC, NC, NH, NE, OK, MI, IA, TN","4408.0, 4409.0, 4412.0, 4413.0, 4414.0, 4415.0, 4416.0, 4417.0, 4418.0, 4419.0, 4420.0, 4421.0, 4423.0, 4424.0, 4425.0, 4426.0, 4427.0, 4428.0, 4430.0, 4431.0, 4432.0, 4433.0, 4435.0, 4436.0, 4437.0, 4438.0, 4439.0, 4440.0, 4441.0, 4442.0, 4443.0, 4444.0, 4446.0, 4447.0, 4448.0, 4449.0, 4450.0, 4451.0, 4452.0, 4453.0, 4454.0, 4455.0, 4456.0, 4457.0, 4458.0",US,138
7,2024-07-30 06:00:00+00:00,0.01963770133771058,0.17585251684065187,"Colorado Springs, Cleveland, Austin, Vancouver, North Bergen, Reno, Mesa, Detroit, Redmond, San Diego, Birmingham, Columbus, Salt Lake City, Olympia, Long Beach, Sunnyvale, Bellingham, Charlotte, Rochester, Wilmington, Oklahoma City, Gilbert, Boise, Baltimore, Los Angeles, Tampa, Indianapolis, El Paso, Roseville, San Bernardino, Oakland, Brooklyn, Sacramento, Denver, Fort Worth, Queens, San Jose, Jersey City, Tacoma, Henderson, Fremont, Scottsdale, Anaheim, Fresno, Spokane, Tucson, Bridgeport, Beaverton, Milwaukee, Wichita, Albuquerque, Louisville, Orlando, Kirkland, Spring, Chandler, San Antonio, Aurora, Portland, Everett, Raleigh, San Francisco, Irvine, Honolulu, The Bronx, Hillsboro, Pittsburgh, Buffalo, Richardson, Cincinnati, Silver Spring, Miami, Berkeley, Omaha, Las Vegas, Boston, Riverside, Eugene, Houston, Seattle, Jacksonville, Minneapolis, Chicago, New Orleans, Washington, Atlanta, St Louis, Memphis, Plano, Santa Clara, Tulsa, unknown, Saint Paul, Nashville, Anchorage, New York, Madison, Bellevue, Phoenix, Stockton, Philadelphia, Dallas, Kansas City, Reston, Hayward, Ashburn","WI, DE, MD, CT, AR, NM, PA, CO, CA, NJ, VA, MS, HI, AK, KY, None, ME, AZ, IL, NV, TX, OR, WA, AL, GA, NY, KS, OH, IN, WV, FL, VT, MA, MN, MO, DC, ID, LA, UT, SC, NC, NH, NE, OK, MI, IA, TN","4408.0, 4409.0, 4412.0, 4413.0, 4414.0, 4415.0, 4416.0, 4417.0, 4418.0, 4419.0, 4420.0, 4421.0, 4423.0, 4424.0, 4425.0, 4426.0, 4427.0, 4428.0, 4430.0, 4431.0, 4432.0, 4433.0, 4435.0, 4436.0, 4437.0, 4438.0, 4439.0, 4440.0, 4441.0, 4442.0, 4443.0, 4444.0, 4446.0, 4447.0, 4448.0, 4449.0, 4450.0, 4451.0, 4452.0, 4453.0, 4454.0, 4455.0, 4456.0, 4457.0, 4458.0",US,106
8,2024-07-30 07:00:00+00:00,0.024077183292698517,0.14345320701665887,"Colorado Springs, Cleveland, Austin, Vancouver, North Bergen, Traverse City, Reno, Detroit, San Diego, Birmingham, Columbus, Salt Lake City, Long Beach, Sunnyvale, Charlotte, Rochester, Wilmington, Oklahoma City, Baltimore, Boise, Los Angeles, Tampa, Indianapolis, El Paso, Brooklyn, Oakland, Sacramento, Denver, Fort Worth, Queens, San Jose, Pasadena, Jersey City, Tacoma, Fremont, Anaheim, Tucson, Milwaukee, Wichita, Lexington, Albuquerque, Louisville, Orlando, Chandler, San Antonio, Aurora, Portland, Raleigh, San Francisco, Irvine, Honolulu, Alexandria, The Bronx, Pittsburgh, Buffalo, Richardson, Cincinnati, Silver Spring, Miami, Omaha, Des Moines, Las Vegas, Boston, Riverside, Eugene, Houston, Seattle, Jacksonville, Minneapolis, Chicago, New Orleans, Washington, Atlanta, St Louis, Memphis, Santa Clara, unknown, Saint Paul, Nashville, Anchorage, New York, Madison, Phoenix, Philadelphia, Dallas, Kansas City, Reston, Glendale, Durham, Ashburn","WI, DE, MD, CT, AR, NM, PA, CO, CA, NJ, VA, MS, HI, AK, KY, None, ME, AZ, IL, NV, TX, OR, WA, AL, GA, NY, KS, OH, IN, WV, FL, VT, MA, MN, MO, DC, ID, LA, UT, SC, NC, NH, NE, OK, MI, IA, TN","4408.0, 4409.0, 4412.0, 4413.0, 4414.0, 4415.0, 4416.0, 4417.0, 4418.0, 4419.0, 4420.0, 4421.0, 4423.0, 4424.0, 4425.0, 4426.0, 4427.0, 4428.0, 4430.0, 4431.0, 4432.0, 4433.0, 4435.0, 4436.0, 4437.0, 4438.0, 4439.0, 4440.0, 4441.0, 4442.0, 4443.0, 4444.0, 4446.0, 4447.0, 4448.0, 4449.0, 4450.0, 4451.0, 4452.0, 4453.0, 4454.0, 4455.0, 4456.0, 4457.0, 4458.0",US,90
9,2024-07-30 08:00:00+00:00,0.04152696918579529,0.21211209567287764,"Colorado Springs, Cleveland, Austin, North Bergen, Mesa, Detroit, San Diego, Columbus, Salt Lake City, Long Beach, Charlotte, Rochester, Wilmington, Oklahoma City, Baltimore, Los Angeles, Tampa, Indianapolis, Brooklyn, Oakland, Sacramento, Denver, Fort Worth, Queens, San Jose, Jersey City, Tacoma, Fremont, Tucson, Milwaukee, Wichita, Albuquerque, Louisville, Orlando, Chandler, San Antonio, Aurora, Portland, Raleigh, San Francisco, Irvine, Honolulu, The Bronx, Hillsboro, Pittsburgh, Buffalo, Richardson, Cincinnati, Silver Spring, Miami, Berkeley, Omaha, Des Moines, Las Vegas, Boston, Riverside, Eugene, Houston, Seattle, Jacksonville, Minneapolis, Chicago, New Orleans, Washington, Atlanta, St Louis, Santa Clara, unknown, Saint Paul, Anchorage, New York, Madison, Phoenix, Philadelphia, Dallas, Kansas City, Reston, Durham, Ashburn","WI, DE, MD, CT, AR, NM, PA, CO, CA, NJ, VA, MS, HI, AK, KY, None, ME, AZ, IL, NV, TX, OR, WA, AL, GA, NY, KS, OH, IN, WV, FL, VT, MA, MN, MO, DC, LA, UT, SC, NC, NH, NE, OK, MI, IA, TN","4408.0, 4409.0, 4412.0, 4414.0, 4415.0, 4416.0, 4417.0, 4418.0, 4419.0, 4420.0, 4421.0, 4423.0, 4424.0, 4425.0, 4426.0, 4427.0, 4428.0, 4430.0, 4431.0, 4432.0, 4433.0, 4435.0, 4436.0, 4437.0, 4438.0, 4439.0, 4440.0, 4441.0, 4442.0, 4443.0, 4444.0, 4446.0, 4447.0, 4448.0, 4449.0, 4450.0, 4451.0, 4452.0, 4453.0, 4454.0, 4455.0, 4456.0, 4457.0, 4458.0",US,79
10,2024-07-30 09:00:00+00:00,0.042692877231424016,0.2464184947771038,"Colorado Springs, Somerville, Cleveland, Austin, North Bergen, Mesa, Detroit, San Diego, Birmingham, Columbus, Salt Lake City, Charlotte, Rochester, Wilmington, Oklahoma City, Baltimore, Boise, Los Angeles, Tampa, Indianapolis, Brooklyn, Oakland, Knoxville, Sacramento, Denver, Fort Worth, Queens, San Jose, Jersey City, Tacoma, Fremont, Anaheim, Marietta, Richmond, Spokane, Tucson, Milwaukee, Lexington, Albuquerque, Louisville, Orlando, San Antonio, Aurora, Portland, Raleigh, San Francisco, Irvine, Honolulu, Alexandria, The Bronx, Pittsburgh, Buffalo, Richardson, Cincinnati, Silver Spring, Miami, Omaha, Des Moines, Las Vegas, Grand Rapids, Boston, Arlington, Fort Lauderdale, Dayton, Houston, Seattle, Jacksonville, Tallahassee, Minneapolis, Chicago, New Orleans, Washington, Atlanta, St Louis, Memphis, Santa Clara, unknown, Saint Paul, St. Petersburg, Nashville, Anchorage, Virginia Beach, New York, Madison, Phoenix, Philadelphia, Dallas, Kansas City, Reston, Durham, Ashburn","WI, DE, MD, CT, AR, NM, PA, CO, CA, NJ, VA, HI, AK, KY, None, ME, AZ, IL, NV, TX, OR, WA, AL, GA, NY, KS, OH, IN, WV, FL, VT, MA, MN, MO, DC, ID, LA, UT, SC, NC, NH, NE, OK, MI, IA, TN","4408.0, 4409.0, 4412.0, 4413.0, 4414.0, 4415.0, 4416.0, 4417.0, 4418.0, 4419.0, 4420.0, 4421.0, 4423.0, 4424.0, 4425.0, 4426.0, 4427.0, 4428.0, 4430.0, 4431.0, 4432.0, 4433.0, 4435.0, 4436.0, 4437.0, 4438.0, 4440.0, 4441.0, 4442.0, 4443.0, 4444.0, 4446.0, 4447.0, 4448.0, 4449.0, 4450.0, 4451.0, 4452.0, 4453.0, 4454.0, 4455.0, 4456.0, 4457.0, 4458.0",US,91
11,2024-07-30 10:00:00+00:00,0.03635685593576285,0.27380683785299204,"Colorado Springs, Somerville, Cleveland, Austin, North Bergen, Providence, Traverse City, Reno, Norfolk, Detroit, San Diego, Piscataway, Birmingham, Columbus, Salt Lake City, Boca Raton, Sarasota, Worcester, Fredericksburg, Long Beach, Albany, Alpharetta, Katy, Charlotte, Fort Wayne, Wilmington, Rochester, Baltimore, Oklahoma City, Los Angeles, Tampa, Indianapolis, El Paso, Brooklyn, Oakland, Knoxville, Sacramento, Denver, Fort Worth, Queens, San Jose, Jersey City, Fremont, Manchester, Naples, Marietta, Charlottesville, Richmond, Melbourne, Kissimmee, Savannah, Spokane, Tucson, Milwaukee, Wichita, Lexington, Albuquerque, Trenton, Louisville, Orlando, Frederick, Asheville, Spring, Ithaca, San Antonio, Aurora, Clifton, Charleston, Reading, Newport News, Portland, Raleigh, Syracuse, San Francisco, Ocala, Honolulu, Chapel Hill, Alexandria, The Bronx, West Palm Beach, Pittsburgh, Fairfax, Buffalo, Richardson, Cincinnati, Silver Spring, Miami, Omaha, Allentown, Edison, Des Moines, Las Vegas, Winston-Salem, Grand Rapids, Boston, Champaign, Toledo, Lansing, Akron, Arlington, Fort Lauderdale, Dayton, Houston, Seattle, Lancaster, Cary, Jacksonville, Tallahassee, Minneapolis, Chicago, New Orleans, Washington, Atlanta, St Louis, Memphis, Plano, Santa Clara, Chattanooga, Fayetteville, Cambridge, Tulsa, Rockville, unknown, Ann Arbor, Saint Paul, St. Petersburg, Troy, Secaucus, Nashville, Stamford, Virginia Beach, New York, Columbia, Staten Island, Gainesville, Madison, Phoenix, Philadelphia, Dallas, Laurel, Kansas City, Reston, Lakeland, Chesapeake, Durham, Greensboro, Ashburn","WI, DE, MD, CT, AR, NM, PA, CO, CA, NJ, VA, MS, HI, KY, None, ME, AZ, IL, NV, TX, OR, WA, AL, GA, NY, KS, OH, IN, WV, FL, VT, MA, MN, MO, DC, LA, RI, SC, UT, NC, NH, NE, OK, MI, IA, TN","4408.0, 4409.0, 4412.0, 4414.0, 4415.0, 4416.0, 4417.0, 4418.0, 4419.0, 4420.0, 4421.0, 4423.0, 4424.0, 4425.0, 4426.0, 4427.0, 4428.0, 4430.0, 4431.0, 4432.0, 4433.0, 4434.0, 4435.0, 4436.0, 4437.0, 4438.0, 4439.0, 4440.0, 4441.0, 4442.0, 4443.0, 4444.0, 4446.0, 4447.0, 4448.0, 4449.0, 4450.0, 4451.0, 4452.0, 4453.0, 4454.0, 4455.0, 4456.0, 4457.0",US,147
12,2024-07-30 11:00:00+00:00,0.030410777829644395,0.27835058372641636,"Colorado Springs, Somerville, Dublin, Cleveland, Youngstown, Austin, Bethesda, Novi, East Lansing, North Bergen, Providence, Gaithersburg, Winter Garden, Traverse City, Hollywood, Kalamazoo, Reno, Mesa, Norfolk, Detroit, Round Rock, Ypsilanti, Frisco, San Diego, Garland, Piscataway, Birmingham, Huntsville, Columbus, Cape Coral, Salt Lake City, Boca Raton, Sarasota, Worcester, Fredericksburg, Albany, Alpharetta, Waltham, Katy, Princeton, Rochester, Fort Wayne, Wilmington, Charlotte, Baltimore, Boise, Oklahoma City, Los Angeles, Tampa, McKinney, Indianapolis, El Paso, Denton, Baton Rouge, Brooklyn, Oakland, Port Saint Lucie, Knoxville, Fuquay-Varina, Sacramento, New Haven, Newton, Clearwater, Denver, Medford, Fort Worth, Sterling, Queens, San Jose, Jersey City, Palm Coast, Tacoma, Summerville, Rock Hill, Bradenton, Fremont, Manchester, Anaheim, Naples, Clermont, Marietta, Lubbock, Richmond, Melbourne, Charlottesville, Kissimmee, Manassas, Centreville, Savannah, Harrisburg, Tucson, Bloomington, Bridgeport, Wake Forest, Lawrenceville, Sanford, Milwaukee, Wichita, Lexington, Sterling Heights, High Point, Albuquerque, Trenton, Louisville, Newark, Maryville, Bethlehem, Orlando, Lincoln, Nashua, Winter Park, Frederick, Allen, Annapolis, Asheville, Spring, Sioux Falls, Cedar Rapids, Pensacola, Lafayette, Chandler, Ithaca, Naperville, Boulder, Aurora, Clifton, Charleston, San Antonio, Reading, Hialeah, Newport News, Portland, Herndon, Raleigh, Syracuse, San Francisco, Irvine, Livonia, Ocala, Honolulu, Chapel Hill, Mt. Pleasant, Alexandria, The Bronx, West Palm Beach, Lowell, Pittsburgh, Fairfax, Buffalo, Richardson, Cincinnati, Silver Spring, Miami, Omaha, Allentown, Augusta, Edison, Greenville, Des Moines, Las Vegas, Royal Oak, Winston-Salem, Athens, Grand Rapids, Boston, Champaign, Brookline, Utica, The Villages, Arlington, Lansing, Akron, Toledo, South Bend, Fort Lauderdale, Eugene, Vienna, Canton, Dayton, Irving, Houston, Norristown, Lancaster, Seattle, Cary, Jacksonville, Tallahassee, Minneapolis, Chicago, New Orleans, Little Rock, Erie, Washington, Atlanta, St Louis, Memphis, Plano, Schenectady, Santa Clara, Olathe, Myrtle Beach, Spring Hill, Chattanooga, Fayetteville, Daytona Beach, Cambridge, Tulsa, York, Pompano Beach, Rockville, unknown, Ann Arbor, Burlington, Carmel, Roanoke, Holland, Saint Paul, Mobile, College Station, St. Petersburg, Troy, Fort Collins, Secaucus, Fort Myers, Lake Worth, Nashville, Stamford, Virginia Beach, New York, Apex, West Chester, Columbia, Riverview, Staten Island, Springfield, White Plains, Gainesville, Overland Park, Appleton, Madison, Phoenix, Woodstock, Philadelphia, State College, Dallas, Laurel, Decatur, Hyattsville, Kansas City, Reston, Lakeland, New Port Richey, Chesapeake, Lynchburg, Blacksburg, Durham, Greensboro, Ashburn","WI, DE, MD, CT, AR, NM, PA, CO, CA, NJ, VA, MS, HI, KY, None, WY, ME, AZ, IL, NV, SD, TX, MT, OR, WA, AL, GA, NY, KS, OH, IN, WV, FL, VT, MA, MN, MO, DC, ID, LA, RI, SC, UT, NC, NH, NE, OK, MI, IA, TN","4408.0, 4409.0, 4410.0, 4412.0, 4413.0, 4414.0, 4415.0, 4416.0, 4417.0, 4418.0, 4419.0, 4420.0, 4421.0, 4422.0, 4423.0, 4424.0, 4425.0, 4426.0, 4427.0, 4428.0, 4429.0, 4430.0, 4431.0, 4432.0, 4433.0, 4434.0, 4435.0, 4436.0, 4437.0, 4438.0, 4439.0, 4440.0, 4441.0, 4442.0, 4443.0, 4444.0, 4446.0, 4447.0, 4448.0, 4449.0, 4450.0, 4451.0, 4452.0, 4453.0, 4454.0, 4455.0, 4456.0, 4457.0",US,258
13,2024-07-30 12:00:00+00:00,0.02612571103348157,0.28730436996434505,"Somerville, Chelsea, Youngstown, Vancouver, Lakewood, Williamsburg, Winter Garden, Fargo, Murfreesboro, Norfolk, San Diego, Birmingham, Catonsville, Boynton Beach, Evanston, McDonough, Salt Lake City, Boca Raton, Albany, Bowie, Wilmington, Oklahoma City, Gilbert, Boise, Baltimore, McKinney, Brooklyn, Owings Mills, Newton, New Haven, Clearwater, Fort Worth, Rochester Hills, Wellington, Scottsdale, Farmington Hills, Manchester, Marietta, Lubbock, Clermont, Charlottesville, Melbourne, Manassas, Spokane, Tucson, Bismarck, Monroe, Wake Forest, Lawrenceville, Sanford, Hagerstown, Concord, High Point, Albuquerque, Binghamton, Norwalk, Valley Stream, Kennesaw, Santa Fe, Sioux Falls, Lakeville, Framingham, Chandler, Naperville, San Antonio, Aurora, Clifton, Charleston, Titusville, Smyrna, Jackson, Conroe, Newport News, Herndon, San Francisco, Maple Grove, Ocala, Alexandria, Hillsboro, Silver Spring, Edison, Royal Oak, Winston-Salem, Saint Charles, Lansing, Hamilton, South Bend, Riverside, Ellicott City, Bowling Green, Irving, Billings, Jacksonville, Chicago, Little Rock, Kingsport, Palm Harbor, St Louis, Memphis, Plano, Carrollton, Myrtle Beach, Olathe, Chattanooga, Fayetteville, Cambridge, Burlington, Tulsa, Hartford, Brandon, Ann Arbor, Cypress, Carmel, Roanoke, St. Petersburg, Troy, Lake Worth, Nashville, Staten Island, Peoria, Stockton, Southfield, Hickory, Wesley Chapel, Irvington, Chesapeake, Durham, Tempe, Dublin, Bethesda, Novi, East Lansing, North Bergen, Jupiter, Providence, Traverse City, Ypsilanti, Garland, Piscataway, Columbus, Westerville, Parkville, Hicksville, Fredericksburg, Easton, Harrisonburg, Katy, Germantown, Charlotte, Tampa, Muskegon, Dover, Springdale, Knoxville, Fuquay-Varina, Sacramento, Medford, Sterling, West Lafayette, Jersey City, Wylie, Palm Coast, Portsmouth, Rock Hill, Bradenton, Dearborn, Redwood City, Chesterfield, Savannah, Fresno, Beaverton, Wichita, Lexington, Potomac, Malden, Evansville, Venice, Nashua, Winter Park, Allen, Annapolis, Morrisville, Clarksville, Hialeah, Greer, Syracuse, Mt. Pleasant, Livonia, Longmont, The Bronx, West Palm Beach, Lowell, Poughkeepsie, Cincinnati, League City, Allentown, Coral Springs, Greenville, Des Moines, Champaign, Utica, The Villages, West Hartford, Vienna, Houston, Norristown, Johnson City, Clayton, Saginaw, Toms River, Eau Claire, Fort Collins, Shreveport, Secaucus, Fort Myers, New York, West Chester, Belleville, Springfield, Gainesville, Overland Park, Janesville, Woodstock, Philadelphia, Iowa City, Laurel, Reston, Lakeland, New Port Richey, Lynchburg, Arlington Heights, Meridian, Lawrence, Topeka, Austin, Dalton, Mesa, Detroit, Huntsville, Delray Beach, Alpharetta, Parker, Cumberland, Waltham, Princeton, Flint, Los Angeles, Indianapolis, Denton, Baton Rouge, Noblesville, Queens, San Jose, Arvada, New Rochelle, Natick, Fremont, Anaheim, Naples, Fort Lee, Kissimmee, Harrisburg, Waterford, Bridgeport, Milwaukee, Montgomery, Sterling Heights, Littleton, Trenton, Palm Beach Gardens, Louisville, Frederick, Brockton, Terre Haute, Asheville, Spring, Miramar, Cedar Rapids, Ithaca, Lafayette, Boulder, Saratoga Springs, Newnan, Irvine, Honolulu, Fairfax, Pittsburgh, Fishers, Morgantown, Richardson, Corpus Christi, Greenwood, Omaha, Edmond, Las Vegas, Athens, Grand Rapids, Boston, Brookline, Suwanee, Toledo, Loveland, Fort Lauderdale, Leesburg, Eugene, Pflugerville, Dayton, Seattle, Tallahassee, Cedar Park, Pottstown, New Orleans, Erie, Warren, Washington, City of Saint Peters, Schenectady, Ballwin, Spring Hill, unknown, Holland, Saint Paul, Mobile, Fairborn, Mount Pleasant, Virginia Beach, Amherst, Columbia, Somerset, Riverview, Appleton, Madison, Altamonte Springs, Ames, Mooresville, Phoenix, State College, Dallas, Decatur, Kansas City, Bluffton, New Braunfels, Blacksburg, Colorado Springs, Cleveland, Gaithersburg, Hollywood, Kalamazoo, Reno, Round Rock, Duluth, Frisco, Cape Coral, Sarasota, Worcester, Long Beach, Oviedo, Franklin, Rochester, Fort Wayne, Tyler, El Paso, Oakland, Hampton, Port Saint Lucie, Denver, Waco, Medina, Tacoma, Summerville, Wilkes-Barre, Apopka, Henderson, Clinton Township, Richmond, Lewisville, Centreville, Quincy, Bloomington, Paterson, Newark, Mentor, Maryville, Bethlehem, Tuscaloosa, Orlando, Palm Bay, Lincoln, Yonkers, Mason, Pensacola, Roswell, Reading, McLean, Portland, Davenport, Raleigh, Winchester, Chapel Hill, Highlands Ranch, Buffalo, Palatine, Miami, Augusta, Flower Mound, Fairfield, Woburn, Sugar Land, Latham, Largo, Georgetown, Waterbury, Arlington, Akron, Macon, Simpsonville, Canton, Lancaster, Cary, Minneapolis, Cherry Hill, Atlanta, Watertown, Santa Clara, Bozeman, Amarillo, Towson, Rockford, Green Bay, York, Pompano Beach, Rockville, Norman, Bangor, Danbury, College Station, Stamford, Kent, Apex, White Plains, Grand Prairie, Hyattsville, Acworth, Greensboro, Ashburn","WI, DE, MD, CT, AR, NM, PA, CO, CA, NJ, VA, MS, HI, KY, None, WY, ME, AZ, IL, NV, SD, TX, MT, OR, WA, AL, GA, NY, KS, OH, ND, IN, WV, FL, VT, MA, MN, MO, DC, ID, LA, RI, SC, UT, NC, NH, NE, OK, MI, IA, TN","4408.0, 4409.0, 4410.0, 4411.0, 4412.0, 4413.0, 4414.0, 4415.0, 4416.0, 4417.0, 4418.0, 4419.0, 4420.0, 4421.0, 4422.0, 4423.0, 4424.0, 4425.0, 4426.0, 4427.0, 4428.0, 4429.0, 4430.0, 4431.0, 4432.0, 4433.0, 4434.0, 4435.0, 4436.0, 4437.0, 4438.0, 4439.0, 4440.0, 4441.0, 4442.0, 4443.0, 4444.0, 4446.0, 4447.0, 4448.0, 4449.0, 4450.0, 4451.0, 4452.0, 4453.0, 4454.0, 4455.0, 4456.0, 4457.0",US,445
14,2024-07-30 13:00:00+00:00,0.02484870346580811,0.3027425215335574,"Somerville, Elk Grove Village, Chelsea, Youngstown, Vancouver, Lakewood, Williamsburg, Geneva, Winter Garden, Fargo, Murfreesboro, Norfolk, San Diego, Birmingham, Catonsville, Boynton Beach, Evanston, McDonough, Salt Lake City, Boca Raton, Albany, Coppell, Bowie, Mankato, Wilmington, Oklahoma City, Gilbert, Boise, Palo Alto, Baltimore, McKinney, San Bernardino, Brooklyn, Skokie, College Park, Bryan, Newton, New Haven, Miami Beach, Clearwater, Fort Worth, Lehi, Elgin, Scottsdale, Farmington Hills, Manchester, Marietta, Lubbock, Clermont, Charlottesville, Melbourne, Manassas, Spokane, Tucson, Federal Way, Greeley, Bismarck, Ankeny, Spartanburg, Wake Forest, Lawrenceville, Sanford, Hagerstown, Parsippany, Concord, High Point, Albuquerque, Mountain View, Cheyenne, Brentwood, Binghamton, Norwalk, Valley Stream, Edwardsville, West Jordan, Kennesaw, Santa Fe, Sioux Falls, Lakeville, Framingham, Pocatello, Chandler, Naperville, San Antonio, Aurora, Clifton, Charleston, Smyrna, Jackson, Conroe, Newport News, Herndon, San Francisco, Maple Grove, Ocala, Alexandria, Hillsboro, Silver Spring, St. George, Edison, Royal Oak, Winston-Salem, Saint Charles, Grand Junction, Lansing, Hamilton, South Bend, Riverside, Ellicott City, Bowling Green, Irving, Billings, Jacksonville, Las Cruces, Killeen, Chicago, Little Rock, Kalispell, Palm Harbor, St Louis, Memphis, Plano, Carrollton, Myrtle Beach, Olathe, Chattanooga, Fayetteville, Cambridge, Tulsa, Burlington, Hartford, Ann Arbor, Cypress, Carmel, Roanoke, St. Petersburg, Troy, Lake Worth, Nashville, Staten Island, Peoria, Stockton, Southfield, Hickory, Wesley Chapel, Hayward, Irvington, Chesapeake, Durham, Vero Beach, Elk Grove, Tempe, Dublin, Bethesda, Novi, East Lansing, North Bergen, Jupiter, Providence, Waukesha, Garner, Traverse City, New Bern, Salem, Ypsilanti, Garland, Piscataway, Columbus, Westerville, Lynn, Hicksville, Middleton, Olympia, Fredericksburg, Easton, Harrisonburg, Katy, Torrance, Germantown, Temple, Charlotte, Tampa, Lansdale, Santa Ana, Springdale, Knoxville, Fuquay-Varina, Sacramento, Medford, Sterling, West Lafayette, Pasadena, Jersey City, Wylie, Palm Coast, Rio Rancho, Portsmouth, Rock Hill, Bradenton, Dearborn, Redwood City, Chesterfield, Savannah, Fresno, Jonesboro, Huntington Beach, Beaverton, Humble, Wichita, Lexington, Potomac, Malden, Evansville, Mequon, Nashua, Winter Park, Kirkland, Allen, Annapolis, Bend, Logan, Clarksville, Milford, Hialeah, Syracuse, Mt. Pleasant, Livonia, Longmont, West Des Moines, The Bronx, Wheaton, San Angelo, West Palm Beach, Lowell, Poughkeepsie, Cincinnati, League City, Allentown, Coral Springs, Saint Cloud, Greenville, Des Moines, Englewood, Champaign, Utica, The Villages, West Hartford, Vienna, Houston, Norristown, Johnson City, San Leandro, Saginaw, Santa Rosa, Corona, Toms River, Joliet, Eau Claire, Fort Collins, Shreveport, Secaucus, Fort Myers, Pearland, Broomfield, New York, West Chester, Belleville, Springfield, Gainesville, Overland Park, Woodstock, Philadelphia, Bentonville, Iowa City, Laurel, Reston, Lakeland, New Port Richey, Lynchburg, Arlington Heights, Meridian, Lawrence, Topeka, Austin, Mesa, Detroit, Huntsville, Missoula, Plainfield, Morristown, Sunnyvale, Delray Beach, Alpharetta, Parker, Waltham, Princeton, Flint, Los Angeles, Indianapolis, Roseville, Plymouth, Denton, Baton Rouge, Queens, Carlsbad, San Jose, Arvada, New Rochelle, Chula Vista, San Marcos, Natick, Fremont, Anaheim, Naples, Kissimmee, Mansfield, Metairie, Harrisburg, Bridgeport, Milwaukee, Montgomery, Sterling Heights, Littleton, Trenton, Palm Beach Gardens, Louisville, Brownsville, South Jordan, Valparaiso, West Bloomfield, Frederick, Brockton, Terre Haute, Asheville, Spring, Miramar, Missouri City, Cedar Rapids, Ithaca, North Hollywood, Lafayette, Lake Zurich, Boulder, Saratoga Springs, Newnan, Everett, Bakersfield, Douglasville, Irvine, Honolulu, Fairfax, Pittsburgh, Fishers, Morgantown, Richardson, Corpus Christi, Omaha, Edmond, Midland, Las Vegas, Hoboken, Lynnwood, Athens, Grand Rapids, Boston, Brookline, Panama City, Menomonee Falls, Suwanee, Toledo, Loveland, Fort Lauderdale, Leesburg, Eugene, Pflugerville, Dayton, Seattle, Conway, Tallahassee, Cedar Park, Pottstown, New Orleans, Starkville, Erie, Warren, Washington, City of Saint Peters, Auburn, Schenectady, Ballwin, Spring Hill, unknown, Racine, Grand Forks, Laredo, Holland, Saint Paul, Mobile, Abilene, Prosper, Renton, Anchorage, Virginia Beach, Amherst, Council Bluffs, Columbia, Riverview, Somerset, Huntington Station, Appleton, Madison, Altamonte Springs, Ames, Bellevue, Phoenix, Santa Cruz, Santa Barbara, State College, Dallas, Decatur, Kansas City, Oak Park, Bluffton, New Braunfels, San Mateo, Glendale, Blacksburg, Ogden, Colorado Springs, Cleveland, Gaithersburg, Hollywood, Kalamazoo, Reno, Round Rock, Leander, Duluth, Redmond, Frisco, Cookeville, Bolingbrook, Cape Coral, Urbana, Sarasota, Worcester, Long Beach, Oviedo, Franklin, Bellingham, Rochester, Fort Wayne, Tyler, Thornton, El Paso, Oakland, Hampton, Hot Springs, Port Saint Lucie, Des Plaines, Denver, Waco, Bridgewater, Tacoma, Summerville, Apopka, Henderson, Lewisville, Richmond, Beaumont, Centreville, Quincy, Bloomington, Paterson, Burke, Newark, Maryville, Bethlehem, Tuscaloosa, Orlando, Palm Bay, Lincoln, Minnetonka, Jefferson City, Yonkers, Pensacola, Roswell, Collierville, Reading, McLean, McAllen, Portland, Davenport, West Valley City, Raleigh, Winchester, Chapel Hill, Schaumburg, Oxford, Centennial, Palatine, Buffalo, Miami, Berkeley, Augusta, Hattiesburg, Flower Mound, Fairfield, Woburn, Sugar Land, Largo, Georgetown, Waterbury, Provo, Arlington, Akron, Macon, Hackensack, Canton, Lancaster, Cary, Minneapolis, Atlanta, Watertown, Santa Clara, Manhattan, Bozeman, Amarillo, Towson, Rockford, Green Bay, Daytona Beach, York, Pompano Beach, Rockville, Norman, Broken Arrow, Stillwater, Danbury, College Station, Eden Prairie, Stamford, Kent, Apex, White Plains, Grand Prairie, Hyattsville, Acworth, Weatherford, Greensboro, Ashburn, Lehigh Acres","WI, DE, MD, CT, AR, NM, PA, CO, CA, NJ, VA, MS, HI, AK, KY, None, WY, ME, AZ, IL, NV, SD, TX, MT, OR, WA, AL, GA, NY, KS, OH, ND, IN, WV, FL, VT, MA, MN, MO, DC, ID, LA, RI, SC, UT, NC, NH, NE, OK, MI, IA, TN","4408.0, 4409.0, 4410.0, 4411.0, 4412.0, 4413.0, 4414.0, 4415.0, 4416.0, 4417.0, 4418.0, 4419.0, 4420.0, 4421.0, 4422.0, 4423.0, 4424.0, 4425.0, 4426.0, 4427.0, 4428.0, 4429.0, 4430.0, 4431.0, 4432.0, 4433.0, 4434.0, 4435.0, 4436.0, 4437.0, 4438.0, 4439.0, 4440.0, 4441.0, 4442.0, 4443.0, 4444.0, 4446.0, 4447.0, 4448.0, 4449.0, 4450.0, 4451.0, 4452.0, 4453.0, 4454.0, 4455.0, 4456.0, 4457.0, 4458.0",US,551
15,2024-07-30 14:00:00+00:00,0.023845703263388206,0.31917233701189573,"Somerville, San Luis Obispo, Elk Grove Village, Chelsea, Youngstown, Lakewood, Vancouver, Williamsburg, Winter Garden, Fargo, Murfreesboro, Norfolk, San Diego, Birmingham, Boynton Beach, Evanston, Salt Lake City, Boca Raton, Albany, Bowie, Alameda, Wilmington, Oklahoma City, Gilbert, Boise, Palo Alto, Baltimore, McKinney, Glen Burnie, San Bernardino, Brooklyn, Skokie, Newton, New Haven, Miami Beach, Clearwater, Fort Worth, Rochester Hills, Lehi, Scottsdale, Farmington Hills, Manchester, Marietta, Lubbock, Clermont, Vista, Salinas, Charlottesville, Melbourne, Manassas, Spokane, Tucson, Federal Way, Greeley, Bismarck, Ankeny, Wake Forest, Lawrenceville, Sanford, Concord, High Point, Albuquerque, Mountain View, Cheyenne, Norwalk, West Jordan, Santa Fe, Sioux Falls, Lakeville, Pocatello, Chandler, Naperville, San Antonio, Aurora, Clifton, Charleston, Jackson, Conroe, Newport News, Herndon, Camarillo, San Francisco, Maple Grove, Ocala, Alexandria, Garden Grove, Hillsboro, Silver Spring, Orem, St. George, Valencia, Edison, Royal Oak, Winston-Salem, Saint Charles, Flagstaff, Golden, Westminster, Grand Junction, Thousand Oaks, Lansing, Hamilton, South Bend, Riverside, Puyallup, Ellicott City, Bowling Green, Irving, Billings, Jacksonville, Las Cruces, Killeen, Chicago, Little Rock, Kalispell, Palm Harbor, St Louis, Memphis, Plano, Carrollton, Myrtle Beach, Olathe, Chattanooga, Fayetteville, Cambridge, Lake Forest, Tulsa, Burlington, Ann Arbor, Brandon, Cypress, Carmel, Laramie, Roanoke, St. Petersburg, Troy, Lake Worth, Nashville, Staten Island, Peoria, Stockton, Southfield, Hickory, Hayward, Irvington, Chesapeake, Nampa, Davis, Durham, Elk Grove, Tempe, Dublin, Fontana, Bethesda, Novi, East Lansing, North Bergen, Providence, Waukesha, Traverse City, Salem, Ypsilanti, Garland, Piscataway, Columbus, Olympia, Fredericksburg, Harrisonburg, Oceanside, Katy, Torrance, Escondido, Germantown, Charlotte, Tampa, Yuma, Orange, Muskegon, Santa Ana, Dover, Springdale, Knoxville, Pleasanton, Medford, Sacramento, Sterling, West Lafayette, Monterey, Pasadena, Jersey City, Wylie, Rialto, Palm Coast, Rio Rancho, Rock Hill, Bradenton, Redwood City, Chesterfield, Savannah, Fresno, Huntington Beach, Beaverton, Ontario, Humble, Wichita, Lexington, Rapid City, Eureka, Simi Valley, Nashua, Winter Park, Elmhurst, Kirkland, Allen, Annapolis, Bend, Logan, Clarksville, Hialeah, Syracuse, Mt. Pleasant, Livonia, Longmont, The Bronx, Wheaton, West Palm Beach, Lowell, Cincinnati, League City, Allentown, American Fork, Coral Springs, Greenville, Des Moines, Walnut Creek, Englewood, Champaign, Utica, The Villages, West Hartford, Vienna, Houston, Norristown, San Leandro, Sandy, Santa Rosa, Corona, Eau Claire, Fort Collins, Shreveport, Secaucus, Mission Viejo, Fort Myers, Broomfield, New York, West Chester, Rancho Cucamonga, Sherman, Springfield, Gainesville, Overland Park, Modesto, Woodland Hills, Woodstock, Philadelphia, Bentonville, Iowa City, Laurel, Reston, Lakeland, New Port Richey, Lynchburg, Castle Rock, Arlington Heights, Meridian, Lawrence, Topeka, Austin, Mesa, Detroit, Menlo Park, Huntsville, Bremerton, Missoula, Sunnyvale, Delray Beach, Alpharetta, Parker, Waltham, Princeton, Flint, Los Angeles, Indianapolis, Roseville, Denton, Baton Rouge, Whittier, Queens, Carlsbad, San Jose, Arvada, Chula Vista, San Marcos, San Rafael, Fremont, Anaheim, Naples, Kissimmee, Metairie, Harrisburg, Bridgeport, Milwaukee, Montgomery, Sterling Heights, Littleton, Trenton, Louisville, South Jordan, Idaho Falls, Valparaiso, Gardena, Frederick, Terre Haute, Asheville, Spring, El Cajon, Missouri City, Cedar Rapids, Ithaca, North Hollywood, Lafayette, Boulder, Everett, Bakersfield, Irvine, Honolulu, Fairfax, Pittsburgh, Fishers, Morgantown, Richardson, Corpus Christi, Omaha, Edmond, Midland, Las Vegas, Lynnwood, Athens, Grand Rapids, Boston, Brookline, Toledo, Loveland, Fort Lauderdale, Leesburg, Eugene, Pflugerville, Dayton, Seattle, Tallahassee, Cedar Park, New Orleans, Erie, Warren, Washington, Schenectady, Ballwin, Spring Hill, unknown, Racine, Laredo, Holland, Saint Paul, Mobile, Abilene, Renton, Anchorage, Virginia Beach, Amherst, Columbia, Riverview, Appleton, Madison, Ames, Bellevue, Phoenix, Santa Cruz, Chico, Santa Barbara, State College, Dallas, Decatur, Kansas City, Oak Park, New Braunfels, San Mateo, Glendale, Blacksburg, Ogden, Colorado Springs, Cleveland, Gaithersburg, Hollywood, Kalamazoo, Reno, Round Rock, Leander, Duluth, Redmond, Frisco, Cape Coral, Redondo Beach, Urbana, Sarasota, Milpitas, Worcester, Long Beach, Oviedo, Franklin, O'Fallon, Bellingham, Rochester, Fort Wayne, Tyler, Thornton, El Paso, Oakland, Hot Springs, Fullerton, Port Saint Lucie, Des Plaines, Denver, Waco, Brookfield, Tacoma, Summerville, Henderson, Richmond, Lewisville, Centreville, Quincy, Helena, Bloomington, Burke, Newark, Bethlehem, Tuscaloosa, Orlando, Palm Bay, Lincoln, Yonkers, Pensacola, Costa Mesa, Roswell, Reading, McLean, McAllen, Portland, Davenport, West Valley City, Raleigh, Winchester, Burbank, Chapel Hill, Bothell, Highlands Ranch, Schaumburg, Oxford, Centennial, Palatine, Buffalo, Corvallis, Miami, Berkeley, Coeur d'Alene, Augusta, Hattiesburg, Flower Mound, Ventura, Fairfield, Woburn, Sugar Land, Provo, Georgetown, Waterbury, Arlington, Akron, Canton, Lancaster, Cary, Minneapolis, San Ramon, Van Nuys, Redding, Atlanta, Santa Clara, Crystal Lake, Manhattan, Bozeman, Amarillo, Draper, Rockford, Green Bay, York, Pompano Beach, Rockville, Norman, Broken Arrow, College Station, Eden Prairie, Stamford, Kent, Apex, White Plains, Grand Prairie, Hyattsville, Acworth, Oxnard, Santa Monica, Greensboro, Ashburn","WI, DE, MD, CT, AR, NM, PA, CO, CA, NJ, VA, MS, HI, AK, KY, None, WY, ME, AZ, IL, NV, SD, TX, MT, OR, WA, AL, GA, NY, KS, OH, ND, IN, WV, FL, VT, MA, MN, MO, DC, ID, LA, RI, SC, UT, NC, NH, NE, OK, MI, IA, TN","4408.0, 4409.0, 4410.0, 4411.0, 4412.0, 4413.0, 4414.0, 4415.0, 4416.0, 4417.0, 4418.0, 4419.0, 4420.0, 4421.0, 4422.0, 4423.0, 4424.0, 4425.0, 4426.0, 4427.0, 4428.0, 4429.0, 4430.0, 4431.0, 4432.0, 4433.0, 4434.0, 4435.0, 4436.0, 4437.0, 4438.0, 4439.0, 4440.0, 4441.0, 4442.0, 4443.0, 4444.0, 4446.0, 4447.0, 4448.0, 4449.0, 4450.0, 4451.0, 4452.0, 4453.0, 4454.0, 4455.0, 4456.0, 4457.0, 4458.0",US,521
16,2024-07-30 15:00:00+00:00,0.02318460331512985,0.3404318243739737,"Somerville, San Luis Obispo, Vancouver, Lakewood, Williamsburg, Winter Garden, Fargo, Murfreesboro, Norfolk, San Diego, Birmingham, Boynton Beach, Evanston, Roseburg, Salt Lake City, Boca Raton, Albany, Bowie, Alameda, Wilmington, Oklahoma City, Gilbert, Boise, Palo Alto, Baltimore, McKinney, San Bernardino, Brooklyn, Newton, New Haven, Clearwater, Fort Worth, Lehi, Scottsdale, Farmington Hills, Queen Creek, Marietta, Manchester, Lubbock, Vista, Salinas, Charlottesville, Melbourne, Manassas, San Clemente, Spokane, Tucson, Federal Way, Greeley, Wake Forest, Lawrenceville, Sanford, Concord, High Point, Albuquerque, Mountain View, Cheyenne, Valley Stream, Novato, Santa Fe, Los Gatos, Sioux Falls, Lakeville, Pocatello, Chandler, Naperville, San Antonio, Aurora, Clifton, Charleston, Jackson, Conroe, Newport News, Herndon, Camarillo, San Francisco, Gresham, Surprise, Ocala, Alexandria, Garden Grove, Hillsboro, Silver Spring, Orem, St. George, Valencia, Edison, Royal Oak, Winston-Salem, Saint Charles, Flagstaff, Westminster, Newport Beach, Golden, Grand Junction, Moscow, Thousand Oaks, Lansing, South Bend, Riverside, Puyallup, Ellicott City, Irving, Billings, Jacksonville, Las Cruces, Chicago, Little Rock, Kalispell, Palm Harbor, St Louis, Memphis, Plano, Carrollton, Myrtle Beach, Olathe, Chattanooga, Fayetteville, Cambridge, Lake Forest, Tulsa, Burlington, Ann Arbor, Cypress, Carmel, Laramie, Roanoke, St. Petersburg, Troy, Lake Worth, Nashville, Staten Island, Peoria, Stockton, Hayward, Irvington, Chesapeake, Nampa, Davis, Durham, Elk Grove, Tempe, Dublin, Fontana, Bethesda, Novi, East Lansing, North Bergen, Providence, Traverse City, Salem, Ypsilanti, Garland, Piscataway, Columbus, Westerville, Olympia, Fredericksburg, Oceanside, Katy, Torrance, Escondido, Temple, Charlotte, Visalia, Tampa, Yuma, Orange, Muskegon, Santa Ana, Edmonds, Knoxville, Pleasanton, Medford, Sacramento, West Lafayette, Monterey, Pasadena, Jersey City, Rialto, Palm Coast, Rio Rancho, Rock Hill, Bradenton, Redwood City, Laguna Niguel, Savannah, Fresno, Huntington Beach, Beaverton, Ontario, Wichita, Lexington, Eureka, Simi Valley, Evansville, Winter Park, Elmhurst, Kirkland, Allen, Annapolis, Bend, Logan, Clarksville, Kennewick, Hialeah, Syracuse, Longmont, The Bronx, Pomona, Wheaton, West Palm Beach, Lowell, Cincinnati, League City, Allentown, Coral Springs, Greenville, Des Moines, Walnut Creek, Rancho Cordova, Englewood, Champaign, Utica, The Villages, Vallejo, Houston, Norristown, El Dorado Hills, San Leandro, Santa Rosa, Corona, Hemet, Alhambra, Eau Claire, Fort Collins, Secaucus, Mission Viejo, Fort Myers, Broomfield, New York, West Chester, Rancho Cucamonga, Springfield, Gainesville, Overland Park, Modesto, Woodland Hills, Philadelphia, Iowa City, Laurel, Compton, La Jolla, Reston, Lakeland, New Port Richey, Lynchburg, Castle Rock, Arlington Heights, Meridian, Cupertino, Lawrence, Topeka, Casa Grande, Austin, Mesa, Detroit, Menlo Park, Huntsville, Missoula, Sunnyvale, Delray Beach, Alpharetta, Parker, Waltham, Princeton, Los Angeles, Indianapolis, Roseville, Denton, Baton Rouge, Watsonville, Whittier, Murrieta, Noblesville, Queens, Carlsbad, San Jose, Arvada, Chula Vista, San Marcos, San Rafael, Fremont, Anaheim, Naples, Kissimmee, Harrisburg, Bridgeport, Milwaukee, Montgomery, Sterling Heights, Littleton, Trenton, Livermore, Louisville, Brownsville, South Jordan, Idaho Falls, Valparaiso, Gardena, Frederick, Terre Haute, Asheville, Spring, El Cajon, Encinitas, Missouri City, Cedar Rapids, Ithaca, North Hollywood, Lafayette, Boulder, Carson City, Everett, Bakersfield, Irvine, Honolulu, Fairfax, Pittsburgh, Morgantown, Richardson, Corpus Christi, Omaha, Edmond, Midland, Las Vegas, Lynnwood, Athens, Grand Rapids, Boston, Brookline, Toledo, Loveland, Fort Lauderdale, Eugene, Pflugerville, Dayton, Seattle, Tallahassee, Cedar Park, New Orleans, Erie, Washington, Auburn, Schenectady, Ballwin, Spring Hill, unknown, Racine, Laredo, Yorba Linda, Saint Paul, Mobile, North Las Vegas, Renton, Anchorage, Virginia Beach, Columbia, Riverview, Appleton, Pasco, Madison, Ames, Bellevue, Phoenix, Santa Cruz, Chico, Santa Barbara, State College, Dallas, Decatur, Kansas City, New Braunfels, San Mateo, Glendale, Blacksburg, Ogden, Colorado Springs, Cleveland, Gaithersburg, Hollywood, Kalamazoo, Reno, Redlands, Round Rock, Duluth, Redmond, Frisco, Cape Coral, Redondo Beach, Sarasota, Milpitas, Worcester, Long Beach, Franklin, Bellingham, Rochester, Fort Wayne, Tyler, Thornton, El Paso, Oakland, Hampton, Fullerton, Port Saint Lucie, Des Plaines, Denver, Waco, Tacoma, Summerville, Henderson, Rocklin, Cerritos, Richmond, Lewisville, Folsom, Centreville, Bloomington, Newark, Bethlehem, Tuscaloosa, Orlando, Palm Bay, Lincoln, Yonkers, Pensacola, Costa Mesa, Yakima, Temecula, Reading, McLean, Moreno Valley, McAllen, Portland, West Valley City, Raleigh, Winchester, Burbank, Chapel Hill, Bothell, Highlands Ranch, Schaumburg, Buffalo, Centennial, Corvallis, Miami, Berkeley, Coeur d'Alene, Augusta, Hattiesburg, Ventura, Fairfield, Sugar Land, Provo, Georgetown, Petaluma, Arlington, Akron, Macon, Canton, Lancaster, Cary, Minneapolis, Placentia, San Ramon, Van Nuys, Redding, Atlanta, Santa Clara, Manhattan, Bozeman, Amarillo, Draper, Morgan Hill, Rockford, Green Bay, Daytona Beach, York, Pompano Beach, Rockville, Norman, College Station, Stamford, Kent, Apex, Tustin, White Plains, Grand Prairie, Hyattsville, Oxnard, Santa Monica, Greensboro, Ashburn","WI, DE, MD, CT, AR, NM, PA, CO, CA, NJ, VA, MS, HI, AK, KY, None, WY, ME, AZ, IL, NV, SD, TX, MT, OR, WA, AL, GA, NY, KS, OH, ND, IN, WV, FL, VT, MA, MN, MO, DC, ID, LA, RI, SC, UT, NC, NH, NE, OK, MI, IA, TN","4408.0, 4409.0, 4410.0, 4411.0, 4412.0, 4413.0, 4414.0, 4415.0, 4416.0, 4417.0, 4418.0, 4419.0, 4420.0, 4421.0, 4422.0, 4423.0, 4424.0, 4425.0, 4426.0, 4427.0, 4428.0, 4429.0, 4430.0, 4431.0, 4432.0, 4433.0, 4434.0, 4435.0, 4436.0, 4437.0, 4438.0, 4439.0, 4440.0, 4441.0, 4442.0, 4443.0, 4444.0, 4446.0, 4447.0, 4448.0, 4449.0, 4450.0, 4451.0, 4452.0, 4453.0, 4454.0, 4455.0, 4456.0, 4457.0, 4458.0",US,503
17,2024-07-30 16:00:00+00:00,0.023561109222887937,0.36176677348429037,"Somerville, San Luis Obispo, Youngstown, Vancouver, Lakewood, Williamsburg, Winter Garden, Fargo, Murfreesboro, Norfolk, San Diego, Birmingham, Evanston, Roseburg, Salt Lake City, Boca Raton, Albany, Bowie, Alameda, Wilmington, Oklahoma City, Gilbert, Boise, Palo Alto, Baltimore, McKinney, San Bernardino, Brooklyn, Fairbanks, Newton, New Haven, Clearwater, Fort Worth, Lehi, Castro Valley, Scottsdale, Queen Creek, Marietta, Manchester, Lubbock, Vista, Salinas, Charlottesville, Melbourne, Manassas, Manteca, San Clemente, Spokane, Tucson, Federal Way, Greeley, Wake Forest, Lawrenceville, Sanford, Concord, High Point, Albuquerque, Mountain View, Cheyenne, Norwalk, Santa Fe, Sioux Falls, Lakeville, Chandler, Naperville, San Antonio, Aurora, Clifton, Charleston, Hawthorne, Jackson, Conroe, Newport News, Herndon, Camarillo, San Francisco, Gresham, Surprise, Ocala, Alexandria, Garden Grove, Hillsboro, El Monte, Sherman Oaks, Silver Spring, Orem, St. George, Valencia, East Orange, Edison, Royal Oak, Winston-Salem, Saint Charles, Flagstaff, Westminster, Newport Beach, Grand Junction, Thousand Oaks, Lansing, South Bend, Riverside, Puyallup, Antioch, Irving, Billings, Jacksonville, Las Cruces, Chicago, Little Rock, Kalispell, St Louis, Memphis, Plano, Carrollton, Myrtle Beach, Olathe, Chattanooga, Fayetteville, Cambridge, Lake Forest, Tulsa, Ann Arbor, Cypress, Carmel, Roanoke, St. Petersburg, Troy, Lake Worth, Nashville, Staten Island, Peoria, Stockton, Wesley Chapel, Hayward, Chesapeake, Nampa, Davis, Durham, Elk Grove, Tempe, Dublin, Fontana, Bethesda, Novi, East Lansing, North Bergen, Providence, Traverse City, Lake Stevens, Salem, Ypsilanti, Garland, Piscataway, Columbus, Olympia, Fredericksburg, Los Altos, Oceanside, Katy, Torrance, Escondido, Charlotte, Tampa, Yuma, Orange, Edmonds, Santa Ana, Knoxville, Pleasanton, Sacramento, Medford, Sterling, West Lafayette, Monterey, Pasadena, Jersey City, Palm Coast, Rio Rancho, Bradenton, South San Francisco, Redwood City, Savannah, Fresno, Merced, Pawtucket, Huntington Beach, Beaverton, Ontario, Wichita, Lexington, Eureka, Simi Valley, Evansville, Grants Pass, Nashua, Goleta, Winter Park, Kirkland, Leawood, Allen, Annapolis, Bend, Logan, Clarksville, Kennewick, Hialeah, Pullman, Syracuse, Livonia, Longmont, The Bronx, Pomona, West Palm Beach, Lowell, Poughkeepsie, Cincinnati, League City, Allentown, Greenville, Des Moines, Walnut Creek, Rancho Cordova, Englewood, Champaign, The Villages, Vallejo, West Hartford, Houston, Norristown, San Leandro, Daly City, Santa Rosa, Corona, Napa, Eau Claire, Fort Collins, Shreveport, Secaucus, Mission Viejo, Fort Myers, Broomfield, New York, West Chester, Rancho Cucamonga, Springfield, Gainesville, Overland Park, Modesto, Woodland Hills, Woodstock, Philadelphia, Iowa City, Laurel, La Jolla, Reston, Lakeland, Lynchburg, Castle Rock, Arlington Heights, Meridian, Cupertino, Lawrence, Topeka, Austin, Mesa, Detroit, Menlo Park, Huntsville, Missoula, Sunnyvale, Delray Beach, Alpharetta, Parker, Waltham, Los Angeles, Indianapolis, Roseville, Denton, Baton Rouge, Whittier, Murrieta, Queens, Carlsbad, San Jose, Arvada, Chula Vista, San Marcos, Culver City, San Rafael, Fremont, Anaheim, Naples, Kissimmee, Harrisburg, Bridgeport, Milwaukee, Montgomery, Littleton, Trenton, Livermore, Louisville, South Jordan, Idaho Falls, Gardena, Frederick, Sparks, Asheville, Spring, El Cajon, Cedar Rapids, Ithaca, North Hollywood, Lafayette, Boulder, Everett, Bakersfield, Clovis, Irvine, Honolulu, Fairfax, Pittsburgh, Fishers, Richardson, Corpus Christi, Omaha, Edmond, Las Vegas, Lynnwood, Athens, Grand Rapids, Boston, Brookline, Toledo, Loveland, Fort Lauderdale, Eugene, Dayton, Seattle, Tallahassee, Cedar Park, New Orleans, Erie, Washington, City of Saint Peters, Schenectady, Ballwin, Spring Hill, unknown, Laredo, Saint Paul, Mobile, Renton, Anchorage, Virginia Beach, Columbia, Appleton, Madison, Ames, Bellevue, Phoenix, Santa Cruz, Chico, Santa Barbara, State College, Dallas, Decatur, Kansas City, New Braunfels, San Mateo, Glendale, Ogden, Colorado Springs, Cleveland, Burlingame, Gaithersburg, Hollywood, Kalamazoo, Reno, Redlands, Round Rock, Redmond, Frisco, Cape Coral, Redondo Beach, Urbana, Sarasota, Milpitas, Worcester, Long Beach, Franklin, Bellingham, Rochester, Fort Wayne, Tyler, Thornton, El Paso, Oakland, Fullerton, Port Saint Lucie, Denver, Waco, Tacoma, Summerville, Henderson, Richmond, Lewisville, Folsom, Centreville, Bloomington, Newark, Bethlehem, Orlando, Palm Bay, Lincoln, Yonkers, Prescott, Pensacola, Costa Mesa, Yakima, Temecula, Roswell, Reading, Portland, West Valley City, Raleigh, Burbank, Chapel Hill, Bothell, Highlands Ranch, Schaumburg, Buffalo, Centennial, Corvallis, Miami, Berkeley, Coeur d'Alene, Augusta, Ventura, Fairfield, Sugar Land, Provo, Georgetown, Petaluma, Arlington, Akron, Canton, Lancaster, Cary, Minneapolis, San Ramon, Van Nuys, Redding, Atlanta, Santa Clara, Bozeman, Amarillo, Rockford, Green Bay, York, Pompano Beach, Rockville, Norman, College Station, Stamford, Kent, Apex, White Plains, Hyattsville, Oxnard, Weatherford, Santa Monica, Greensboro, Ashburn","WI, DE, MD, CT, AR, NM, PA, CO, CA, NJ, VA, MS, HI, AK, KY, None, WY, ME, AZ, IL, NV, SD, TX, MT, OR, WA, AL, GA, NY, KS, OH, ND, IN, WV, FL, VT, MA, MN, MO, DC, ID, LA, RI, SC, UT, NC, NH, NE, OK, MI, IA, TN","4408.0, 4409.0, 4410.0, 4411.0, 4412.0, 4413.0, 4414.0, 4415.0, 4416.0, 4417.0, 4418.0, 4419.0, 4420.0, 4421.0, 4422.0, 4423.0, 4424.0, 4425.0, 4426.0, 4427.0, 4428.0, 4429.0, 4430.0, 4431.0, 4432.0, 4433.0, 4434.0, 4435.0, 4436.0, 4437.0, 4438.0, 4439.0, 4440.0, 4441.0, 4442.0, 4443.0, 4444.0, 4446.0, 4447.0, 4448.0, 4449.0, 4450.0, 4451.0, 4452.0, 4453.0, 4454.0, 4455.0, 4456.0, 4457.0, 4458.0",US,473
18,2024-07-30 17:00:00+00:00,0.02468134005360455,0.4022277117381908,"Somerville, San Luis Obispo, Vancouver, Lakewood, Williamsburg, Winter Garden, Fargo, Murfreesboro, Norfolk, San Diego, Birmingham, Boynton Beach, Evanston, Salt Lake City, Boca Raton, Albany, Bowie, Alameda, Wilmington, Oklahoma City, Gilbert, Boise, Palo Alto, Baltimore, McKinney, San Bernardino, Brooklyn, Newton, New Haven, Clearwater, Fort Worth, Lehi, Scottsdale, Manchester, Marietta, Lubbock, Charlottesville, Melbourne, Manassas, Spokane, Tucson, Federal Way, Greeley, Wake Forest, Lawrenceville, Sanford, Concord, High Point, Albuquerque, Mountain View, Cheyenne, Santa Fe, Sioux Falls, Chandler, Naperville, San Antonio, Aurora, Clifton, Charleston, Jackson, Conroe, Newport News, Herndon, Camarillo, San Francisco, Gresham, Ocala, Alexandria, Garden Grove, Hillsboro, Silver Spring, Orem, St. George, Valencia, East Orange, Edison, Winston-Salem, Flagstaff, Westminster, Thousand Oaks, Lansing, South Bend, Riverside, Puyallup, Irving, Billings, Jacksonville, Las Cruces, Chicago, Little Rock, Kalispell, Kingsport, St Louis, Memphis, Plano, Carrollton, Myrtle Beach, Olathe, Chattanooga, Fayetteville, Cambridge, Lake Forest, Tulsa, Burlington, Hartford, Ann Arbor, Cypress, Carmel, Roanoke, St. Petersburg, Troy, Lake Worth, Nashville, Staten Island, Peoria, Stockton, Hayward, Chesapeake, Nampa, Davis, Durham, Elk Grove, Tempe, Dublin, Fontana, Bethesda, East Lansing, North Bergen, Providence, Traverse City, Salem, Ypsilanti, Garland, Piscataway, Columbus, Olympia, Fredericksburg, Oceanside, Katy, Torrance, Escondido, Charlotte, Tampa, Yuma, Orange, Santa Ana, Knoxville, Pleasanton, Sacramento, Medford, Sterling, West Lafayette, Pasadena, Jersey City, Palm Coast, Rio Rancho, Bradenton, Redwood City, Savannah, Fresno, Pawtucket, Huntington Beach, Beaverton, Ontario, Wichita, Lexington, Eureka, Simi Valley, Evansville, Nashua, Goleta, Winter Park, Kirkland, Allen, Bend, Logan, Clarksville, Hialeah, Syracuse, Livonia, Longmont, The Bronx, West Palm Beach, Lowell, Poughkeepsie, Cincinnati, Palmdale, League City, Allentown, Greenville, Des Moines, Walnut Creek, Champaign, Vallejo, Houston, Norristown, San Leandro, Daly City, Santa Rosa, Corona, Toms River, Alhambra, Fort Collins, Shreveport, Secaucus, Mission Viejo, Fort Myers, Broomfield, Pearland, New York, West Chester, Rancho Cucamonga, Springfield, Gainesville, Overland Park, Modesto, Woodland Hills, Philadelphia, Iowa City, Laurel, Reston, Lakeland, New Port Richey, Lynchburg, Meridian, Cupertino, Lawrence, Topeka, Casa Grande, Austin, Mesa, Detroit, Menlo Park, Huntsville, Missoula, Sunnyvale, Delray Beach, Alpharetta, Parker, Waltham, Princeton, Los Angeles, Indianapolis, Roseville, Denton, Baton Rouge, Whittier, Murrieta, Queens, Carlsbad, San Jose, Arvada, Chula Vista, San Marcos, San Rafael, Fremont, Anaheim, Naples, Kissimmee, Harrisburg, Bridgeport, Milwaukee, Montgomery, Sterling Heights, Littleton, Trenton, Livermore, Louisville, South Jordan, Gardena, Frederick, Sparks, Terre Haute, Asheville, Spring, El Cajon, Cedar Rapids, Ithaca, North Hollywood, Lafayette, Boulder, Everett, Bakersfield, Clovis, Irvine, Honolulu, Fairfax, Pittsburgh, Richardson, Corpus Christi, Omaha, Edmond, Las Vegas, Lynnwood, Athens, Grand Rapids, Boston, Toledo, Loveland, Fort Lauderdale, Eugene, Pflugerville, Dayton, Seattle, Tallahassee, New Orleans, Erie, Washington, Schenectady, Ballwin, Spring Hill, unknown, Laredo, Saint Paul, Mobile, Renton, Anchorage, Virginia Beach, Columbia, Riverview, Appleton, Madison, Ames, Bellevue, Phoenix, Santa Cruz, Chico, Santa Barbara, State College, Dallas, Decatur, Kansas City, San Mateo, Glendale, Ogden, Colorado Springs, Cleveland, Gaithersburg, Hollywood, Kalamazoo, Reno, Round Rock, Duluth, Redmond, Frisco, Cape Coral, Redondo Beach, Urbana, Sarasota, Milpitas, Worcester, Long Beach, Bellingham, Rochester, Fort Wayne, Tyler, Thornton, El Paso, Oakland, Fullerton, Port Saint Lucie, Denver, Tacoma, Summerville, Henderson, Cerritos, Richmond, Lewisville, Folsom, Centreville, Bloomington, Newark, Bethlehem, Orlando, Palm Bay, Lincoln, Pensacola, Costa Mesa, Temecula, Roswell, Reading, McAllen, Portland, West Valley City, Raleigh, Winchester, Burbank, Chapel Hill, Bothell, Highlands Ranch, Schaumburg, Buffalo, Corvallis, Miami, Berkeley, Coeur d'Alene, Augusta, Ventura, Fairfield, Sugar Land, Provo, Georgetown, Petaluma, Arlington, Akron, Lancaster, Cary, Minneapolis, San Ramon, Van Nuys, Redding, Atlanta, Santa Clara, Bozeman, Amarillo, Rockford, Green Bay, Pompano Beach, Rockville, Norman, College Station, Stamford, Kent, Apex, White Plains, Hyattsville, Oxnard, Santa Monica, Greensboro, Ashburn","WI, DE, MD, CT, AR, NM, PA, CO, CA, NJ, VA, MS, HI, AK, KY, None, WY, ME, AZ, IL, NV, SD, TX, MT, OR, WA, AL, GA, NY, KS, OH, ND, IN, WV, FL, VT, MA, MN, MO, DC, ID, LA, RI, SC, UT, NC, NH, NE, OK, MI, IA, TN","4408.0, 4409.0, 4410.0, 4411.0, 4412.0, 4413.0, 4414.0, 4415.0, 4416.0, 4417.0, 4418.0, 4419.0, 4420.0, 4421.0, 4422.0, 4423.0, 4424.0, 4425.0, 4426.0, 4427.0, 4428.0, 4429.0, 4430.0, 4431.0, 4432.0, 4433.0, 4434.0, 4435.0, 4436.0, 4437.0, 4438.0, 4439.0, 4440.0, 4441.0, 4442.0, 4443.0, 4444.0, 4446.0, 4447.0, 4448.0, 4449.0, 4450.0, 4451.0, 4452.0, 4453.0, 4454.0, 4455.0, 4456.0, 4457.0, 4458.0",US,430
19,2024-07-30 18:00:00+00:00,0.02536196385557004,0.4231728630029904,"Somerville, Youngstown, Vancouver, Lakewood, Williamsburg, Winter Garden, Fargo, Murfreesboro, Norfolk, San Diego, Birmingham, Evanston, Salt Lake City, Boca Raton, Albany, Bowie, Alameda, Wilmington, Oklahoma City, Gilbert, Boise, Palo Alto, Baltimore, McKinney, San Bernardino, Brooklyn, Newton, New Haven, Clearwater, Fort Worth, Lehi, Scottsdale, Manchester, Marietta, Lubbock, Clermont, Charlottesville, Salinas, Melbourne, Manassas, Spokane, Tucson, Federal Way, Greeley, Wake Forest, Lawrenceville, Concord, High Point, Albuquerque, Mountain View, Santa Fe, Sioux Falls, Lakeville, Chandler, Naperville, San Antonio, Aurora, Clifton, Charleston, Jackson, Conroe, Newport News, Herndon, Camarillo, San Francisco, Gresham, Ocala, Alexandria, Garden Grove, Hillsboro, Silver Spring, Orem, St. George, East Orange, Edison, Royal Oak, Winston-Salem, Flagstaff, Thousand Oaks, Lansing, South Bend, Riverside, Puyallup, Irving, Billings, Jacksonville, Las Cruces, Killeen, Chicago, Little Rock, St Louis, Memphis, Plano, Carrollton, Myrtle Beach, Olathe, Chattanooga, Fayetteville, Cambridge, Tulsa, Burlington, Ann Arbor, Cypress, Carmel, Roanoke, St. Petersburg, Troy, Lake Worth, Nashville, Staten Island, Peoria, Stockton, Hayward, Chesapeake, Nampa, Davis, Durham, Elk Grove, Tempe, Dublin, Fontana, Bethesda, East Lansing, North Bergen, Providence, Traverse City, Salem, Ypsilanti, Garland, Piscataway, Columbus, Olympia, Fredericksburg, Oceanside, Katy, Torrance, Escondido, Charlotte, Tampa, Orange, Santa Ana, Kaneohe, Knoxville, Pleasanton, Medford, Sacramento, West Lafayette, Pasadena, Jersey City, Rio Rancho, Rock Hill, Bradenton, Redwood City, Savannah, Fresno, Pawtucket, Huntington Beach, Beaverton, Ontario, Wichita, Lexington, Eureka, Simi Valley, Evansville, Grants Pass, Goleta, Kirkland, Leawood, Allen, Annapolis, Bend, Clarksville, Hialeah, Syracuse, Longmont, The Bronx, San Angelo, West Palm Beach, Lowell, Poughkeepsie, Cincinnati, Palmdale, League City, Allentown, Greenville, Des Moines, Walnut Creek, Englewood, Champaign, Utica, The Villages, Vallejo, Houston, San Leandro, Santa Rosa, Corona, Eau Claire, Fort Collins, Shreveport, Secaucus, Mission Viejo, Fort Myers, New York, Rancho Cucamonga, Springfield, Gainesville, Overland Park, Modesto, Woodland Hills, Philadelphia, Iowa City, Laurel, Reston, Lakeland, New Port Richey, Lynchburg, Arlington Heights, Meridian, Lawrence, Topeka, Austin, Mesa, Detroit, Huntsville, Missoula, Sunnyvale, Delray Beach, Alpharetta, Parker, Waltham, Los Angeles, Indianapolis, Roseville, Denton, Baton Rouge, Whittier, Murrieta, Queens, Carlsbad, San Jose, Chula Vista, San Marcos, San Rafael, Fremont, Anaheim, Naples, Kissimmee, Harrisburg, Milwaukee, Montgomery, Littleton, Trenton, Livermore, Louisville, South Jordan, Gardena, Frederick, Sparks, Terre Haute, Asheville, Spring, El Cajon, Cedar Rapids, Ithaca, North Hollywood, Lafayette, Boulder, Everett, Bakersfield, Tracy, Irvine, Honolulu, Fairfax, Pittsburgh, Richardson, Corpus Christi, Omaha, Edmond, Las Vegas, Lynnwood, Athens, Grand Rapids, Boston, Toledo, Fort Lauderdale, Eugene, Pflugerville, Dayton, Seattle, Tallahassee, New Orleans, Washington, Schenectady, Ballwin, unknown, Saint Paul, Mobile, North Las Vegas, Renton, Anchorage, Virginia Beach, Columbia, Appleton, Madison, Bellevue, Phoenix, Santa Cruz, Chico, Santa Barbara, State College, Dallas, Decatur, Kansas City, New Braunfels, San Mateo, Glendale, Ogden, Colorado Springs, Cleveland, Gaithersburg, Hollywood, Kalamazoo, Reno, Round Rock, Redmond, Frisco, Cape Coral, Urbana, Sarasota, Worcester, Long Beach, Franklin, Bellingham, Rochester, Fort Wayne, Tyler, El Paso, Oakland, Fullerton, Port Saint Lucie, Des Plaines, Denver, Waco, Tacoma, Summerville, Henderson, Richmond, Lewisville, Folsom, Centreville, Quincy, Bloomington, Hilo, Newark, Bethlehem, Tuscaloosa, Orlando, Palm Bay, Lincoln, Pensacola, Costa Mesa, Temecula, Reading, McAllen, Portland, West Valley City, Raleigh, Burbank, Chapel Hill, Bothell, Highlands Ranch, Schaumburg, Buffalo, Corvallis, Miami, Berkeley, Augusta, Ventura, Fairfield, Sugar Land, Provo, Georgetown, Petaluma, Arlington, Akron, Canton, Lancaster, Cary, Minneapolis, Van Nuys, Redding, Atlanta, Santa Clara, Bozeman, Amarillo, Rockford, Green Bay, Pompano Beach, Rockville, Norman, College Station, Stamford, Kent, Apex, Hyattsville, Oxnard, Weatherford, Santa Monica, Greensboro, Ashburn","WI, DE, MD, CT, AR, NM, PA, CO, CA, NJ, VA, MS, HI, AK, KY, None, WY, ME, AZ, IL, NV, SD, TX, MT, OR, WA, AL, GA, NY, KS, OH, ND, IN, WV, FL, VT, MA, MN, MO, DC, ID, LA, RI, SC, UT, NC, NH, NE, OK, MI, IA, TN","4408.0, 4409.0, 4410.0, 4411.0, 4412.0, 4413.0, 4414.0, 4415.0, 4416.0, 4417.0, 4418.0, 4419.0, 4420.0, 4421.0, 4422.0, 4423.0, 4424.0, 4425.0, 4426.0, 4427.0, 4428.0, 4429.0, 4430.0, 4431.0, 4432.0, 4433.0, 4434.0, 4435.0, 4436.0, 4437.0, 4438.0, 4439.0, 4440.0, 4441.0, 4442.0, 4443.0, 4444.0, 4446.0, 4447.0, 4448.0, 4449.0, 4450.0, 4451.0, 4452.0, 4453.0, 4454.0, 4455.0, 4456.0, 4457.0, 4458.0",US,410
20,2024-07-30 19:00:00+00:00,0.026171507116847355,0.42524241447180594,"Somerville, San Luis Obispo, Vancouver, Lakewood, Williamsburg, Winter Garden, Fargo, Murfreesboro, Norfolk, San Diego, Birmingham, Evanston, Salt Lake City, Boca Raton, Albany, Bowie, Alameda, Wilmington, Oklahoma City, Gilbert, Boise, Palo Alto, Baltimore, McKinney, San Bernardino, Brooklyn, Newton, New Haven, Clearwater, Fort Worth, Scottsdale, Manchester, Marietta, Lubbock, Charlottesville, Melbourne, Manassas, Spokane, Tucson, Federal Way, Wake Forest, Lawrenceville, Concord, Albuquerque, Mountain View, Cheyenne, Santa Fe, Sioux Falls, Chandler, Naperville, San Antonio, Aurora, Clifton, Charleston, Jackson, Conroe, Newport News, Herndon, San Francisco, Gresham, Ocala, Alexandria, Garden Grove, Hillsboro, Silver Spring, Orem, East Orange, Edison, Royal Oak, Winston-Salem, Flagstaff, Thousand Oaks, Lansing, Riverside, Irving, Billings, Jacksonville, Las Cruces, Chicago, Little Rock, St Louis, Memphis, Plano, Carrollton, Myrtle Beach, Olathe, Chattanooga, Fayetteville, Cambridge, Tulsa, Burlington, Ann Arbor, Cypress, Carmel, Roanoke, St. Petersburg, Troy, Nashville, Staten Island, Peoria, Stockton, Hayward, Chesapeake, Davis, Durham, Elk Grove, Tempe, Fontana, Bethesda, North Bergen, Providence, Traverse City, Salem, Ypsilanti, Garland, Piscataway, Columbus, Olympia, Fredericksburg, Oceanside, Katy, Torrance, Germantown, Charlotte, Tampa, Santa Ana, Knoxville, Sacramento, Medford, Sterling, West Lafayette, Pasadena, Jersey City, Rio Rancho, Bradenton, Redwood City, Savannah, Fresno, Pawtucket, Huntington Beach, Beaverton, Ontario, Wichita, Lexington, Rapid City, Simi Valley, Evansville, Winter Park, Kirkland, Allen, Bend, Clarksville, Hialeah, Syracuse, Livonia, Longmont, The Bronx, West Palm Beach, Lowell, Poughkeepsie, Cincinnati, League City, Allentown, Greenville, Des Moines, Walnut Creek, Champaign, The Villages, West Hartford, Houston, San Leandro, Santa Rosa, Corona, Fort Collins, Secaucus, Mission Viejo, Fort Myers, New York, Rancho Cucamonga, Belleville, Springfield, Gainesville, Overland Park, Modesto, Woodland Hills, Woodstock, Philadelphia, Iowa City, Laurel, Reston, Lakeland, New Port Richey, Lynchburg, Arlington Heights, Meridian, Lawrence, Austin, Mesa, Detroit, Huntsville, Missoula, Sunnyvale, Delray Beach, Alpharetta, Parker, Waltham, Los Angeles, Indianapolis, Roseville, Denton, Baton Rouge, Whittier, Queens, Carlsbad, San Jose, Arvada, Chula Vista, San Marcos, San Rafael, Fremont, Anaheim, Naples, Kissimmee, Harrisburg, Bridgeport, Milwaukee, Montgomery, Littleton, Trenton, Livermore, Louisville, South Jordan, Idaho Falls, Frederick, Asheville, Spring, El Cajon, Cedar Rapids, Ithaca, North Hollywood, Lafayette, Boulder, Everett, Bakersfield, Irvine, Honolulu, Fairfax, Pittsburgh, Richardson, Corpus Christi, Omaha, Edmond, Las Vegas, Lynnwood, Athens, Grand Rapids, Boston, Toledo, Loveland, Fort Lauderdale, Eugene, Dayton, Seattle, Tallahassee, New Orleans, Erie, Warren, Washington, Schenectady, Ballwin, Spring Hill, unknown, Laredo, Holland, Saint Paul, Mobile, Abilene, North Las Vegas, Renton, Anchorage, Virginia Beach, Columbia, Riverview, Appleton, Madison, Bellevue, Phoenix, Santa Cruz, Santa Barbara, State College, Dallas, Decatur, Kansas City, San Mateo, Glendale, Ogden, Colorado Springs, Cleveland, Gaithersburg, Hollywood, Kalamazoo, Reno, Round Rock, Duluth, Redmond, Frisco, Cape Coral, Redondo Beach, Sarasota, Worcester, Long Beach, Franklin, Bellingham, Rochester, Fort Wayne, Tyler, Thornton, El Paso, Oakland, Port Saint Lucie, Denver, Tacoma, Apopka, Henderson, Lewisville, Richmond, Folsom, Centreville, Bloomington, Hilo, Newark, Bethlehem, Tuscaloosa, Orlando, Lincoln, Yonkers, Pensacola, Costa Mesa, Temecula, Roswell, Reading, Portland, West Valley City, Raleigh, Burbank, Chapel Hill, Bothell, Schaumburg, Buffalo, Corvallis, Miami, Berkeley, Augusta, Ventura, Sugar Land, Provo, Georgetown, Arlington, Akron, Canton, Lancaster, Cary, Minneapolis, Van Nuys, Redding, Atlanta, Santa Clara, Bozeman, Amarillo, Rockford, Green Bay, York, Pompano Beach, Rockville, Norman, College Station, Stamford, Kent, Apex, Hyattsville, Oxnard, Weatherford, Santa Monica, Greensboro, Ashburn","WI, DE, MD, CT, AR, NM, PA, CO, CA, NJ, VA, MS, HI, AK, KY, None, WY, ME, AZ, IL, NV, SD, TX, MT, OR, WA, AL, GA, NY, KS, OH, ND, IN, WV, FL, VT, MA, MN, MO, DC, ID, LA, RI, SC, UT, NC, NH, NE, OK, MI, IA, TN","4408.0, 4409.0, 4410.0, 4411.0, 4412.0, 4413.0, 4414.0, 4415.0, 4416.0, 4417.0, 4418.0, 4419.0, 4420.0, 4421.0, 4422.0, 4423.0, 4424.0, 4425.0, 4426.0, 4427.0, 4428.0, 4429.0, 4430.0, 4431.0, 4432.0, 4433.0, 4434.0, 4435.0, 4436.0, 4437.0, 4438.0, 4439.0, 4440.0, 4441.0, 4442.0, 4443.0, 4444.0, 4446.0, 4447.0, 4448.0, 4449.0, 4450.0, 4451.0, 4452.0, 4453.0, 4454.0, 4455.0, 4456.0, 4457.0, 4458.0",US,385
21,2024-07-30 20:00:00+00:00,0.023815417002418633,0.3961199937998546,"Somerville, Elk Grove Village, Vancouver, Lakewood, Winter Garden, Fargo, Murfreesboro, Norfolk, San Diego, Birmingham, Evanston, Salt Lake City, Boca Raton, Albany, Alameda, Wilmington, Oklahoma City, Gilbert, Boise, Palo Alto, Baltimore, McKinney, San Bernardino, Brooklyn, Newton, New Haven, Clearwater, Fort Worth, Scottsdale, Manchester, Marietta, Lubbock, Clermont, Charlottesville, Melbourne, Manassas, Spokane, Tucson, Federal Way, Wake Forest, Lawrenceville, Sanford, Concord, High Point, Albuquerque, Mountain View, Santa Fe, Sioux Falls, Chandler, Naperville, San Antonio, Aurora, Clifton, Charleston, Jackson, Conroe, Newport News, Herndon, San Francisco, Gresham, Ocala, Alexandria, Garden Grove, Hillsboro, Silver Spring, Valencia, East Orange, Edison, Royal Oak, Winston-Salem, Saint Charles, Flagstaff, Westminster, Thousand Oaks, Lansing, Riverside, Ellicott City, Irving, Billings, Jacksonville, Las Cruces, Chicago, Little Rock, St Louis, Memphis, Plano, Carrollton, Myrtle Beach, Olathe, Chattanooga, Fayetteville, Cambridge, Tulsa, Burlington, Ann Arbor, Cypress, Carmel, Roanoke, St. Petersburg, Troy, Lake Worth, Nashville, Staten Island, Peoria, Stockton, Wesley Chapel, Hayward, Chesapeake, Davis, Durham, Elk Grove, Tempe, Dublin, Fontana, Bethesda, North Bergen, Providence, Waukesha, Traverse City, Salem, Ypsilanti, Garland, Piscataway, Columbus, Olympia, Fredericksburg, Oceanside, Katy, Torrance, Escondido, Germantown, Charlotte, Tampa, Orange, Santa Ana, Knoxville, Sacramento, Medford, Sterling, Pasadena, Jersey City, Palm Coast, Rio Rancho, Bradenton, Redwood City, Savannah, Fresno, Pawtucket, Huntington Beach, Beaverton, Humble, Wichita, Lexington, Simi Valley, Evansville, Elmhurst, Kirkland, Leawood, Allen, Annapolis, Bend, Logan, Clarksville, Hialeah, Syracuse, Livonia, Longmont, The Bronx, West Palm Beach, Lowell, Poughkeepsie, Cincinnati, League City, Allentown, Greenville, Des Moines, Walnut Creek, Champaign, Utica, Houston, San Leandro, Daly City, Santa Rosa, Corona, Eau Claire, Fort Collins, Secaucus, Fort Myers, New York, West Chester, Rancho Cucamonga, Springfield, Gainesville, Overland Park, Modesto, Woodland Hills, Woodstock, Philadelphia, Iowa City, Laurel, Reston, Lakeland, New Port Richey, Arlington Heights, Meridian, Austin, Topeka, Mesa, Detroit, Menlo Park, Huntsville, Missoula, Sunnyvale, Delray Beach, Alpharetta, Parker, Waltham, Los Angeles, Indianapolis, Roseville, Denton, Baton Rouge, Whittier, Murrieta, Queens, Carlsbad, San Jose, Arvada, Chula Vista, San Marcos, San Rafael, Fremont, Anaheim, Naples, Kissimmee, Harrisburg, Bridgeport, Milwaukee, Montgomery, Sterling Heights, Littleton, Trenton, Livermore, Louisville, South Jordan, Frederick, Asheville, Spring, El Cajon, Cedar Rapids, Ithaca, North Hollywood, Lafayette, Boulder, Everett, Bakersfield, Irvine, Honolulu, Fairfax, Pittsburgh, Richardson, Corpus Christi, Omaha, Edmond, Las Vegas, Lynnwood, Athens, Grand Rapids, Boston, Toledo, Fort Lauderdale, Eugene, Dayton, Seattle, Tallahassee, New Orleans, Erie, Warren, Washington, Schenectady, Ballwin, Spring Hill, unknown, Laredo, Saint Paul, Mobile, North Las Vegas, Seminole, Renton, Anchorage, Virginia Beach, Columbia, Riverview, Appleton, Madison, Bellevue, Phoenix, Santa Cruz, State College, Chico, Santa Barbara, Dallas, Decatur, Kansas City, New Braunfels, San Mateo, Glendale, Ogden, Colorado Springs, Cleveland, Gaithersburg, Hollywood, Kalamazoo, Reno, Round Rock, Redmond, Frisco, Cookeville, Cape Coral, Redondo Beach, Sarasota, Milpitas, Worcester, Long Beach, Bellingham, Rochester, Fort Wayne, Tyler, Thornton, El Paso, Oakland, Port Saint Lucie, Denver, Waco, Tacoma, Summerville, Henderson, Richmond, Folsom, Bloomington, Newark, Bethlehem, Orlando, Lincoln, Yonkers, Pensacola, Temecula, Reading, Portland, West Valley City, Raleigh, Burbank, Chapel Hill, Bothell, Stratford, Schaumburg, Buffalo, Corvallis, Miami, Berkeley, Coeur d'Alene, Augusta, Ventura, Fairfield, Sugar Land, Provo, Georgetown, Arlington, Akron, Lancaster, Cary, Minneapolis, Van Nuys, Redding, Atlanta, Santa Clara, Bozeman, Rockford, Green Bay, York, Pompano Beach, Rockville, Norman, College Station, Stamford, Kent, Apex, Grand Prairie, Hyattsville, Oxnard, Weatherford, Santa Monica, Greensboro, Ashburn","WI, DE, MD, CT, AR, NM, PA, CO, CA, NJ, VA, MS, HI, AK, KY, None, WY, ME, AZ, IL, NV, SD, TX, MT, OR, WA, AL, GA, NY, KS, OH, ND, IN, WV, FL, VT, MA, MN, MO, DC, ID, LA, RI, SC, UT, NC, NH, NE, OK, MI, IA, TN","4408.0, 4409.0, 4410.0, 4411.0, 4412.0, 4413.0, 4414.0, 4415.0, 4416.0, 4417.0, 4418.0, 4419.0, 4420.0, 4421.0, 4422.0, 4423.0, 4424.0, 4425.0, 4426.0, 4427.0, 4428.0, 4429.0, 4430.0, 4431.0, 4432.0, 4433.0, 4434.0, 4435.0, 4436.0, 4437.0, 4438.0, 4439.0, 4440.0, 4441.0, 4442.0, 4443.0, 4444.0, 4446.0, 4447.0, 4448.0, 4449.0, 4450.0, 4451.0, 4452.0, 4453.0, 4454.0, 4455.0, 4456.0, 4457.0, 4458.0",US,394
22,2024-07-30 21:00:00+00:00,0.023002322255945555,0.39887385929405234,"Somerville, San Luis Obispo, Vancouver, Lakewood, Williamsburg, Winter Garden, Fargo, Murfreesboro, Norfolk, San Diego, Birmingham, Salt Lake City, Boca Raton, Albany, Bowie, Alameda, Wilmington, Oklahoma City, Gilbert, Boise, Palo Alto, Baltimore, McKinney, San Bernardino, Brooklyn, Newton, New Haven, Clearwater, Fort Worth, Scottsdale, Manchester, Marietta, Lubbock, Clermont, Charlottesville, Melbourne, Manassas, Spokane, Tucson, Federal Way, Bismarck, Wake Forest, Lawrenceville, Concord, High Point, Albuquerque, Mountain View, Cheyenne, Santa Fe, Sioux Falls, Chandler, Naperville, San Antonio, Aurora, Clifton, Charleston, Newport News, Conroe, Herndon, San Francisco, Maple Grove, Ocala, Gresham, Alexandria, Hillsboro, Silver Spring, St. George, East Orange, Edison, Royal Oak, Winston-Salem, Saint Charles, Flagstaff, Hilliard, Grand Junction, Thousand Oaks, Lansing, Riverside, Puyallup, Irving, Billings, Jacksonville, Las Cruces, Killeen, Chicago, Little Rock, St Louis, Memphis, Plano, Carrollton, Myrtle Beach, Olathe, Chattanooga, Fayetteville, Cambridge, Tulsa, Burlington, Ann Arbor, Cypress, Roanoke, St. Petersburg, Troy, Lake Worth, Nashville, Staten Island, Peoria, Stockton, Southfield, Wesley Chapel, Hayward, Chesapeake, Nampa, Davis, Durham, Elk Grove, Tempe, Dublin, Fontana, North Bergen, Providence, Traverse City, Salem, Ypsilanti, Garland, Piscataway, Columbus, Olympia, Fredericksburg, Oceanside, Katy, Torrance, Escondido, Germantown, Charlotte, Visalia, Tampa, Orange, Santa Ana, Knoxville, Sacramento, Medford, West Lafayette, Pasadena, Jersey City, Rio Rancho, Bradenton, Redwood City, Savannah, Fresno, Pawtucket, Huntington Beach, Beaverton, Ontario, Wichita, Lexington, Simi Valley, Evansville, Winter Park, Kirkland, Allen, Bend, Clarksville, Hialeah, Syracuse, Longmont, The Bronx, West Palm Beach, Lowell, Cincinnati, League City, Allentown, Greenville, Des Moines, Walnut Creek, Champaign, The Villages, Houston, San Leandro, Santa Rosa, Corona, Eau Claire, Fort Collins, Secaucus, Mission Viejo, Fort Myers, New York, Rancho Cucamonga, Belleville, Springfield, Gainesville, Overland Park, Modesto, Woodland Hills, Woodstock, Philadelphia, Iowa City, Laurel, Reston, Lakeland, Lynchburg, Meridian, Austin, Topeka, Mesa, Detroit, Huntsville, Missoula, Sunnyvale, Delray Beach, Alpharetta, Parker, Los Angeles, Indianapolis, Roseville, Denton, Baton Rouge, Whittier, Queens, Carlsbad, San Jose, Chula Vista, San Marcos, San Rafael, Fremont, Anaheim, Naples, Kissimmee, Harrisburg, Milwaukee, Montgomery, Sterling Heights, Littleton, Trenton, Livermore, Louisville, South Jordan, Frederick, Asheville, Spring, El Cajon, Cedar Rapids, Ithaca, North Hollywood, Lafayette, Boulder, Everett, Bakersfield, Irvine, Honolulu, Fairfax, Pittsburgh, Morgantown, Richardson, Corpus Christi, Omaha, Edmond, Las Vegas, Lynnwood, Athens, Grand Rapids, Boston, Toledo, Fort Lauderdale, Eugene, Dayton, Seattle, Tallahassee, New Orleans, Erie, Washington, Schenectady, Ballwin, unknown, Laredo, Saint Paul, Mobile, Renton, Anchorage, Virginia Beach, Columbia, Appleton, Madison, Bellevue, Phoenix, Santa Cruz, State College, Chico, Santa Barbara, Dallas, Decatur, Kansas City, New Braunfels, San Mateo, Glendale, Ogden, Colorado Springs, Cleveland, Gaithersburg, Hollywood, Kalamazoo, Reno, Round Rock, Redmond, Frisco, Cape Coral, Sarasota, Milpitas, Worcester, Long Beach, Oviedo, Franklin, Bellingham, Rochester, Fort Wayne, Tyler, Thornton, El Paso, Oakland, Hampton, Fullerton, Port Saint Lucie, Denver, Tacoma, Summerville, Henderson, Richmond, Folsom, Centreville, Bloomington, Newark, Orlando, Palm Bay, Lincoln, Pensacola, Costa Mesa, Temecula, Roswell, Reading, Portland, West Valley City, Raleigh, Burbank, Chapel Hill, Bothell, Schaumburg, Buffalo, Corvallis, Miami, Berkeley, Augusta, Sugar Land, Georgetown, Arlington, Akron, Canton, Lancaster, Cary, Minneapolis, Van Nuys, Redding, Atlanta, Santa Clara, Bozeman, Amarillo, Rockford, Green Bay, Pompano Beach, Rockville, Norman, Broken Arrow, College Station, Stamford, Kent, Apex, Hyattsville, Oxnard, Santa Monica, Greensboro, Ashburn","WI, DE, MD, CT, AR, NM, PA, CO, CA, NJ, VA, MS, HI, AK, KY, None, WY, ME, AZ, IL, NV, SD, TX, MT, OR, WA, AL, GA, NY, KS, OH, ND, IN, WV, FL, VT, MA, MN, MO, DC, ID, LA, RI, SC, UT, NC, NH, NE, OK, MI, IA, TN","4408.0, 4409.0, 4410.0, 4411.0, 4412.0, 4413.0, 4414.0, 4415.0, 4416.0, 4417.0, 4418.0, 4419.0, 4420.0, 4421.0, 4422.0, 4423.0, 4424.0, 4425.0, 4426.0, 4427.0, 4428.0, 4429.0, 4430.0, 4431.0, 4432.0, 4433.0, 4434.0, 4435.0, 4436.0, 4437.0, 4438.0, 4439.0, 4440.0, 4441.0, 4442.0, 4443.0, 4444.0, 4446.0, 4447.0, 4448.0, 4449.0, 4450.0, 4451.0, 4452.0, 4453.0, 4454.0, 4455.0, 4456.0, 4457.0, 4458.0",US,379
23,2024-07-30 22:00:00+00:00,0.027493780839421045,0.48920136641748785,"Somerville, San Luis Obispo, Vancouver, Lakewood, Winter Garden, Fargo, Murfreesboro, Norfolk, San Diego, Birmingham, Salt Lake City, Boca Raton, Albany, Wilmington, Oklahoma City, Gilbert, Boise, Palo Alto, Baltimore, McKinney, San Bernardino, Brooklyn, Fairbanks, Newton, New Haven, Clearwater, Fort Worth, Scottsdale, Manchester, Marietta, Lubbock, Clermont, Charlottesville, Melbourne, Manassas, Spokane, Tucson, Federal Way, Wake Forest, Lawrenceville, Concord, Albuquerque, Mountain View, Cheyenne, Santa Fe, Sioux Falls, Chandler, Naperville, San Antonio, Aurora, Clifton, Newport News, Conroe, Herndon, San Francisco, Gresham, Ocala, Alexandria, Garden Grove, Hillsboro, Silver Spring, East Orange, Edison, Winston-Salem, Saint Charles, Flagstaff, Grand Junction, Thousand Oaks, Lansing, Riverside, Puyallup, Irving, Jacksonville, Las Cruces, Chicago, Little Rock, Kalispell, St Louis, Memphis, Plano, Carrollton, Myrtle Beach, Olathe, Chattanooga, Fayetteville, Cambridge, Tulsa, Ann Arbor, Cypress, Carmel, Roanoke, St. Petersburg, Troy, Lake Worth, Nashville, Staten Island, Peoria, Stockton, Hayward, Chesapeake, Nampa, Davis, Durham, Elk Grove, Tempe, Fontana, North Bergen, Providence, Salem, Garland, Piscataway, Columbus, Olympia, Fredericksburg, Oceanside, Katy, Torrance, Escondido, Germantown, Charlotte, Visalia, Tampa, Orange, Santa Ana, Knoxville, Pleasanton, Sacramento, Medford, Pasadena, Jersey City, Rio Rancho, Bradenton, Redwood City, Savannah, Fresno, Pawtucket, Huntington Beach, Beaverton, Humble, Wichita, Lexington, Simi Valley, Evansville, Kirkland, Allen, Bend, Logan, Clarksville, Hialeah, Syracuse, Livonia, Longmont, The Bronx, West Palm Beach, Lowell, Poughkeepsie, Cincinnati, League City, Allentown, Greenville, Des Moines, Walnut Creek, Englewood, Champaign, Houston, San Leandro, Daly City, Santa Rosa, Corona, Eau Claire, Fort Collins, Secaucus, Fort Myers, Broomfield, New York, Rancho Cucamonga, Springfield, Gainesville, Overland Park, Modesto, Woodland Hills, Philadelphia, Iowa City, Laurel, Reston, Lakeland, New Port Richey, Lynchburg, Arlington Heights, Meridian, Lawrence, Topeka, Austin, Mesa, Detroit, Huntsville, Missoula, Sunnyvale, Alpharetta, Parker, Waltham, Los Angeles, Indianapolis, Roseville, Denton, Baton Rouge, Whittier, Queens, Carlsbad, San Jose, Arvada, Chula Vista, San Marcos, San Rafael, Fremont, Anaheim, Naples, Kissimmee, Bridgeport, Milwaukee, Montgomery, Littleton, Trenton, Livermore, Louisville, South Jordan, Frederick, Asheville, Spring, El Cajon, Cedar Rapids, Ithaca, North Hollywood, Boulder, Everett, Bakersfield, Irvine, Honolulu, Fairfax, Pittsburgh, Richardson, Corpus Christi, Omaha, Edmond, Las Vegas, Lynnwood, Athens, Grand Rapids, Boston, Brookline, Toledo, Fort Lauderdale, Eugene, Pflugerville, Dayton, Seattle, Tallahassee, New Orleans, Erie, Washington, Schenectady, unknown, Laredo, Saint Paul, Mobile, Abilene, Renton, Anchorage, Virginia Beach, Columbia, Riverview, Appleton, Madison, Bellevue, Phoenix, Santa Cruz, Chico, Santa Barbara, State College, Dallas, Decatur, Kansas City, San Mateo, Glendale, Ogden, Colorado Springs, Cleveland, Gaithersburg, Hollywood, Kalamazoo, Reno, Round Rock, Duluth, Redmond, Frisco, Cape Coral, Sarasota, Milpitas, Worcester, Long Beach, Bellingham, Rochester, Fort Wayne, Thornton, El Paso, Oakland, Port Saint Lucie, Denver, Tacoma, Summerville, Henderson, Richmond, Folsom, Centreville, Bloomington, Newark, Bethlehem, Orlando, Lincoln, Pensacola, Costa Mesa, Reading, Portland, West Valley City, Raleigh, Burbank, Chapel Hill, Bothell, Highlands Ranch, Schaumburg, Buffalo, Corvallis, Miami, Berkeley, Coeur d'Alene, Ventura, Fairfield, Sugar Land, Provo, Georgetown, Arlington, Akron, Lancaster, Cary, Minneapolis, Van Nuys, Atlanta, Santa Clara, Bozeman, Amarillo, Rockford, Pompano Beach, Rockville, Norman, College Station, Stamford, Kent, Apex, Grand Prairie, Hyattsville, Oxnard, Weatherford, Santa Monica, Greensboro, Ashburn","WI, DE, MD, CT, AR, NM, PA, CO, CA, NJ, VA, MS, HI, AK, KY, None, WY, ME, AZ, IL, NV, SD, TX, MT, OR, WA, AL, GA, NY, KS, OH, ND, IN, WV, FL, VT, MA, MN, MO, DC, ID, LA, RI, SC, UT, NC, NH, NE, OK, MI, IA, TN","4408.0, 4409.0, 4410.0, 4411.0, 4412.0, 4413.0, 4414.0, 4415.0, 4416.0, 4417.0, 4418.0, 4419.0, 4420.0, 4421.0, 4422.0, 4423.0, 4424.0, 4425.0, 4426.0, 4427.0, 4428.0, 4429.0, 4430.0, 4431.0, 4432.0, 4433.0, 4434.0, 4435.0, 4436.0, 4437.0, 4438.0, 4439.0, 4440.0, 4441.0, 4442.0, 4443.0, 4444.0, 4446.0, 4447.0, 4448.0, 4449.0, 4450.0, 4451.0, 4452.0, 4453.0, 4454.0, 4455.0, 4456.0, 4457.0, 4458.0",US,365
